cycle,level,state,district,pvi,wiki_oldid,revision_as_of
2008,house,AK,1,-14.0,238457689,2008-09-15
2008,house,AL,1,-12.0,238457689,2008-09-15
2008,house,AL,2,-13.0,238457689,2008-09-15
2008,house,AL,3,-4.0,238457689,2008-09-15
2008,house,AL,4,-16.0,238457689,2008-09-15
2008,house,AL,5,-6.0,238457689,2008-09-15
2008,house,AL,6,-25.0,238457689,2008-09-15
2008,house,AL,7,17.0,238457689,2008-09-15
2008,house,AR,1,1.0,238457689,2008-09-15
2008,house,AR,2,-0.0,238457689,2008-09-15
2008,house,AR,3,-11.0,238457689,2008-09-15
2008,house,AR,4,0.0,238457689,2008-09-15
2008,house,AZ,1,-2.0,238457689,2008-09-15
2008,house,AZ,2,-9.0,238457689,2008-09-15
2008,house,AZ,3,-6.0,238457689,2008-09-15
2008,house,AZ,4,14.0,238457689,2008-09-15
2008,house,AZ,5,-4.0,238457689,2008-09-15
2008,house,AZ,6,-12.0,238457689,2008-09-15
2008,house,AZ,7,10.0,238457689,2008-09-15
2008,house,AZ,8,-1.0,238457689,2008-09-15
2008,house,CA,1,10.0,238457689,2008-09-15
2008,house,CA,2,-13.0,238457689,2008-09-15
2008,house,CA,3,-7.0,238457689,2008-09-15
2008,house,CA,4,-11.0,238457689,2008-09-15
2008,house,CA,5,14.0,238457689,2008-09-15
2008,house,CA,6,21.0,238457689,2008-09-15
2008,house,CA,7,19.0,238457689,2008-09-15
2008,house,CA,8,36.0,238457689,2008-09-15
2008,house,CA,9,38.0,238457689,2008-09-15
2008,house,CA,10,9.0,238457689,2008-09-15
2008,house,CA,11,-3.0,238457689,2008-09-15
2008,house,CA,12,22.0,238457689,2008-09-15
2008,house,CA,13,22.0,238457689,2008-09-15
2008,house,CA,14,18.0,238457689,2008-09-15
2008,house,CA,15,14.0,238457689,2008-09-15
2008,house,CA,16,16.0,238457689,2008-09-15
2008,house,CA,17,17.0,238457689,2008-09-15
2008,house,CA,18,3.0,238457689,2008-09-15
2008,house,CA,19,-10.0,238457689,2008-09-15
2008,house,CA,20,5.0,238457689,2008-09-15
2008,house,CA,21,-13.0,238457689,2008-09-15
2008,house,CA,22,-16.0,238457689,2008-09-15
2008,house,CA,23,9.0,238457689,2008-09-15
2008,house,CA,24,-5.0,238457689,2008-09-15
2008,house,CA,25,-7.0,238457689,2008-09-15
2008,house,CA,26,-4.0,238457689,2008-09-15
2008,house,CA,27,13.0,238457689,2008-09-15
2008,house,CA,28,25.0,238457689,2008-09-15
2008,house,CA,29,12.0,238457689,2008-09-15
2008,house,CA,30,20.0,238457689,2008-09-15
2008,house,CA,31,30.0,238457689,2008-09-15
2008,house,CA,32,17.0,238457689,2008-09-15
2008,house,CA,33,36.0,238457689,2008-09-15
2008,house,CA,34,23.0,238457689,2008-09-15
2008,house,CA,35,33.0,238457689,2008-09-15
2008,house,CA,36,11.0,238457689,2008-09-15
2008,house,CA,37,27.0,238457689,2008-09-15
2008,house,CA,38,20.0,238457689,2008-09-15
2008,house,CA,39,13.0,238457689,2008-09-15
2008,house,CA,40,-8.0,238457689,2008-09-15
2008,house,CA,41,-9.0,238457689,2008-09-15
2008,house,CA,42,-10.0,238457689,2008-09-15
2008,house,CA,43,13.0,238457689,2008-09-15
2008,house,CA,44,-6.0,238457689,2008-09-15
2008,house,CA,45,-3.0,238457689,2008-09-15
2008,house,CA,46,-6.0,238457689,2008-09-15
2008,house,CA,47,5.0,238457689,2008-09-15
2008,house,CA,48,-8.0,238457689,2008-09-15
2008,house,CA,49,-10.0,238457689,2008-09-15
2008,house,CA,50,-5.0,238457689,2008-09-15
2008,house,CA,51,7.0,238457689,2008-09-15
2008,house,CA,52,-9.0,238457689,2008-09-15
2008,house,CA,53,12.0,238457689,2008-09-15
2008,house,CO,1,18.0,238457689,2008-09-15
2008,house,CO,2,8.0,238457689,2008-09-15
2008,house,CO,3,-6.0,238457689,2008-09-15
2008,house,CO,4,-9.0,238457689,2008-09-15
2008,house,CO,5,-16.0,238457689,2008-09-15
2008,house,CO,6,-10.0,238457689,2008-09-15
2008,house,CO,7,2.0,238457689,2008-09-15
2008,house,CT,1,14.0,238457689,2008-09-15
2008,house,CT,2,8.0,238457689,2008-09-15
2008,house,CT,3,12.0,238457689,2008-09-15
2008,house,CT,4,5.0,238457689,2008-09-15
2008,house,CT,5,4.0,238457689,2008-09-15
2008,house,DE,1,7.0,238457689,2008-09-15
2008,house,FL,1,-19.0,238457689,2008-09-15
2008,house,FL,2,-2.0,238457689,2008-09-15
2008,house,FL,3,16.0,238457689,2008-09-15
2008,house,FL,4,-16.0,238457689,2008-09-15
2008,house,FL,5,-5.0,238457689,2008-09-15
2008,house,FL,6,-8.0,238457689,2008-09-15
2008,house,FL,7,-3.0,238457689,2008-09-15
2008,house,FL,8,-3.0,238457689,2008-09-15
2008,house,FL,9,-4.0,238457689,2008-09-15
2008,house,FL,10,1.0,238457689,2008-09-15
2008,house,FL,11,11.0,238457689,2008-09-15
2008,house,FL,12,-5.0,238457689,2008-09-15
2008,house,FL,13,-4.0,238457689,2008-09-15
2008,house,FL,14,-10.0,238457689,2008-09-15
2008,house,FL,15,-4.0,238457689,2008-09-15
2008,house,FL,16,-2.0,238457689,2008-09-15
2008,house,FL,17,35.0,238457689,2008-09-15
2008,house,FL,18,-4.0,238457689,2008-09-15
2008,house,FL,19,21.0,238457689,2008-09-15
2008,house,FL,20,18.0,238457689,2008-09-15
2008,house,FL,21,-6.0,238457689,2008-09-15
2008,house,FL,22,4.0,238457689,2008-09-15
2008,house,FL,23,29.0,238457689,2008-09-15
2008,house,FL,24,-3.0,238457689,2008-09-15
2008,house,FL,25,-4.0,238457689,2008-09-15
2008,house,GA,1,-14.0,238457689,2008-09-15
2008,house,GA,2,2.0,238457689,2008-09-15
2008,house,GA,3,-19.0,238457689,2008-09-15
2008,house,GA,4,22.0,238457689,2008-09-15
2008,house,GA,5,25.0,238457689,2008-09-15
2008,house,GA,6,-19.0,238457689,2008-09-15
2008,house,GA,7,-19.0,238457689,2008-09-15
2008,house,GA,8,-8.0,238457689,2008-09-15
2008,house,GA,9,-24.0,238457689,2008-09-15
2008,house,GA,10,-14.0,238457689,2008-09-15
2008,house,GA,11,-18.0,238457689,2008-09-15
2008,house,GA,12,2.0,238457689,2008-09-15
2008,house,GA,13,10.0,238457689,2008-09-15
2008,house,HI,1,7.0,238457689,2008-09-15
2008,house,HI,2,10.0,238457689,2008-09-15
2008,house,IA,1,5.0,238457689,2008-09-15
2008,house,IA,2,7.0,238457689,2008-09-15
2008,house,IA,3,1.0,238457689,2008-09-15
2008,house,IA,4,0.0,238457689,2008-09-15
2008,house,IA,5,-8.0,238457689,2008-09-15
2008,house,ID,1,-19.0,238457689,2008-09-15
2008,house,ID,2,-23.0,238457689,2008-09-15
2008,house,IL,1,35.0,238457689,2008-09-15
2008,house,IL,2,35.0,238457689,2008-09-15
2008,house,IL,3,10.0,238457689,2008-09-15
2008,house,IL,4,31.0,238457689,2008-09-15
2008,house,IL,5,18.0,238457689,2008-09-15
2008,house,IL,6,-3.0,238457689,2008-09-15
2008,house,IL,7,35.0,238457689,2008-09-15
2008,house,IL,8,-5.0,238457689,2008-09-15
2008,house,IL,9,20.0,238457689,2008-09-15
2008,house,IL,10,4.0,238457689,2008-09-15
2008,house,IL,11,-1.0,238457689,2008-09-15
2008,house,IL,12,5.0,238457689,2008-09-15
2008,house,IL,13,-5.0,238457689,2008-09-15
2008,house,IL,14,-5.0,238457689,2008-09-15
2008,house,IL,15,-6.0,238457689,2008-09-15
2008,house,IL,16,-4.0,238457689,2008-09-15
2008,house,IL,17,5.0,238457689,2008-09-15
2008,house,IL,18,-5.0,238457689,2008-09-15
2008,house,IL,19,-8.0,238457689,2008-09-15
2008,house,IN,1,8.0,238457689,2008-09-15
2008,house,IN,2,-4.0,238457689,2008-09-15
2008,house,IN,3,-16.0,238457689,2008-09-15
2008,house,IN,4,-17.0,238457689,2008-09-15
2008,house,IN,5,-20.0,238457689,2008-09-15
2008,house,IN,6,-11.0,238457689,2008-09-15
2008,house,IN,7,9.0,238457689,2008-09-15
2008,house,IN,8,-9.0,238457689,2008-09-15
2008,house,IN,9,-7.0,238457689,2008-09-15
2008,house,KS,1,-20.0,238457689,2008-09-15
2008,house,KS,2,-7.0,238457689,2008-09-15
2008,house,KS,3,-4.0,238457689,2008-09-15
2008,house,KS,4,-12.0,238457689,2008-09-15
2008,house,KY,1,-10.0,238457689,2008-09-15
2008,house,KY,2,-13.0,238457689,2008-09-15
2008,house,KY,3,2.0,238457689,2008-09-15
2008,house,KY,4,-12.0,238457689,2008-09-15
2008,house,KY,5,-8.0,238457689,2008-09-15
2008,house,KY,6,-7.0,238457689,2008-09-15
2008,house,LA,1,-18.0,238457689,2008-09-15
2008,house,LA,2,28.0,238457689,2008-09-15
2008,house,LA,3,-5.0,238457689,2008-09-15
2008,house,LA,4,-7.0,238457689,2008-09-15
2008,house,LA,5,-10.0,238457689,2008-09-15
2008,house,LA,6,-7.0,238457689,2008-09-15
2008,house,LA,7,-7.0,238457689,2008-09-15
2008,house,MA,1,15.0,238457689,2008-09-15
2008,house,MA,2,11.0,238457689,2008-09-15
2008,house,MA,3,11.0,238457689,2008-09-15
2008,house,MA,4,17.0,238457689,2008-09-15
2008,house,MA,5,9.0,238457689,2008-09-15
2008,house,MA,6,10.0,238457689,2008-09-15
2008,house,MA,7,18.0,238457689,2008-09-15
2008,house,MA,8,31.0,238457689,2008-09-15
2008,house,MA,9,15.0,238457689,2008-09-15
2008,house,MA,10,8.0,238457689,2008-09-15
2008,house,MD,1,-10.0,238457689,2008-09-15
2008,house,MD,2,8.0,238457689,2008-09-15
2008,house,MD,3,7.0,238457689,2008-09-15
2008,house,MD,4,30.0,238457689,2008-09-15
2008,house,MD,5,9.0,238457689,2008-09-15
2008,house,MD,6,-13.0,238457689,2008-09-15
2008,house,MD,7,25.0,238457689,2008-09-15
2008,house,MD,8,20.0,238457689,2008-09-15
2008,house,ME,1,6.0,238457689,2008-09-15
2008,house,ME,2,4.0,238457689,2008-09-15
2008,house,MI,1,-2.0,238457689,2008-09-15
2008,house,MI,2,-9.0,238457689,2008-09-15
2008,house,MI,3,-9.0,238457689,2008-09-15
2008,house,MI,4,-3.0,238457689,2008-09-15
2008,house,MI,5,12.0,238457689,2008-09-15
2008,house,MI,6,-2.0,238457689,2008-09-15
2008,house,MI,7,-2.0,238457689,2008-09-15
2008,house,MI,8,-2.0,238457689,2008-09-15
2008,house,MI,9,-0.0,238457689,2008-09-15
2008,house,MI,10,-4.0,238457689,2008-09-15
2008,house,MI,11,-1.0,238457689,2008-09-15
2008,house,MI,12,13.0,238457689,2008-09-15
2008,house,MI,13,32.0,238457689,2008-09-15
2008,house,MI,14,33.0,238457689,2008-09-15
2008,house,MI,15,13.0,238457689,2008-09-15
2008,house,MN,1,-1.0,238457689,2008-09-15
2008,house,MN,2,-3.0,238457689,2008-09-15
2008,house,MN,3,-1.0,238457689,2008-09-15
2008,house,MN,4,13.0,238457689,2008-09-15
2008,house,MN,5,21.0,238457689,2008-09-15
2008,house,MN,6,-5.0,238457689,2008-09-15
2008,house,MN,7,-6.0,238457689,2008-09-15
2008,house,MN,8,4.0,238457689,2008-09-15
2008,house,MO,1,26.0,238457689,2008-09-15
2008,house,MO,2,-9.0,238457689,2008-09-15
2008,house,MO,3,8.0,238457689,2008-09-15
2008,house,MO,4,-11.0,238457689,2008-09-15
2008,house,MO,5,12.0,238457689,2008-09-15
2008,house,MO,6,-5.0,238457689,2008-09-15
2008,house,MO,7,-14.0,238457689,2008-09-15
2008,house,MO,8,-11.0,238457689,2008-09-15
2008,house,MO,9,-7.0,238457689,2008-09-15
2008,house,MS,1,-10.0,238457689,2008-09-15
2008,house,MS,2,10.0,238457689,2008-09-15
2008,house,MS,3,-13.0,238457689,2008-09-15
2008,house,MS,4,-16.0,238457689,2008-09-15
2008,house,MT,1,-11.0,238457689,2008-09-15
2008,house,NC,1,9.0,238457689,2008-09-15
2008,house,NC,2,-3.0,238457689,2008-09-15
2008,house,NC,3,-15.0,238457689,2008-09-15
2008,house,NC,4,6.0,238457689,2008-09-15
2008,house,NC,5,-15.0,238457689,2008-09-15
2008,house,NC,6,-17.0,238457689,2008-09-15
2008,house,NC,7,-3.0,238457689,2008-09-15
2008,house,NC,8,-3.0,238457689,2008-09-15
2008,house,NC,9,-12.0,238457689,2008-09-15
2008,house,NC,10,-15.0,238457689,2008-09-15
2008,house,NC,11,-7.0,238457689,2008-09-15
2008,house,NC,12,11.0,238457689,2008-09-15
2008,house,NC,13,2.0,238457689,2008-09-15
2008,house,ND,1,-13.0,238457689,2008-09-15
2008,house,NE,1,-11.0,238457689,2008-09-15
2008,house,NE,2,-9.0,238457689,2008-09-15
2008,house,NE,3,-24.0,238457689,2008-09-15
2008,house,NH,1,-0.0,238457689,2008-09-15
2008,house,NH,2,3.0,238457689,2008-09-15
2008,house,NJ,1,14.0,238457689,2008-09-15
2008,house,NJ,2,4.0,238457689,2008-09-15
2008,house,NJ,3,3.0,238457689,2008-09-15
2008,house,NJ,4,-1.0,238457689,2008-09-15
2008,house,NJ,5,-4.0,238457689,2008-09-15
2008,house,NJ,6,12.0,238457689,2008-09-15
2008,house,NJ,7,-1.0,238457689,2008-09-15
2008,house,NJ,8,12.0,238457689,2008-09-15
2008,house,NJ,9,13.0,238457689,2008-09-15
2008,house,NJ,10,34.0,238457689,2008-09-15
2008,house,NJ,11,-6.0,238457689,2008-09-15
2008,house,NJ,12,8.0,238457689,2008-09-15
2008,house,NJ,13,23.0,238457689,2008-09-15
2008,house,NM,1,2.0,238457689,2008-09-15
2008,house,NM,2,-6.0,238457689,2008-09-15
2008,house,NM,3,6.0,238457689,2008-09-15
2008,house,NV,1,9.0,238457689,2008-09-15
2008,house,NV,2,-8.0,238457689,2008-09-15
2008,house,NV,3,1.0,238457689,2008-09-15
2008,house,NY,1,3.0,238457689,2008-09-15
2008,house,NY,2,7.0,238457689,2008-09-15
2008,house,NY,3,2.0,238457689,2008-09-15
2008,house,NY,4,9.0,238457689,2008-09-15
2008,house,NY,5,18.0,238457689,2008-09-15
2008,house,NY,6,38.0,238457689,2008-09-15
2008,house,NY,7,28.0,238457689,2008-09-15
2008,house,NY,8,28.0,238457689,2008-09-15
2008,house,NY,9,14.0,238457689,2008-09-15
2008,house,NY,10,41.0,238457689,2008-09-15
2008,house,NY,11,40.0,238457689,2008-09-15
2008,house,NY,12,34.0,238457689,2008-09-15
2008,house,NY,13,1.0,238457689,2008-09-15
2008,house,NY,14,26.0,238457689,2008-09-15
2008,house,NY,15,-2.0,238457689,2008-09-15
2008,house,NY,16,43.0,238457689,2008-09-15
2008,house,NY,17,21.0,238457689,2008-09-15
2008,house,NY,18,10.0,238457689,2008-09-15
2008,house,NY,19,-1.0,238457689,2008-09-15
2008,house,NY,20,-3.0,238457689,2008-09-15
2008,house,NY,21,9.0,238457689,2008-09-15
2008,house,NY,22,6.0,238457689,2008-09-15
2008,house,NY,23,-0.0,238457689,2008-09-15
2008,house,NY,24,-1.0,238457689,2008-09-15
2008,house,NY,25,3.0,238457689,2008-09-15
2008,house,NY,26,-3.0,238457689,2008-09-15
2008,house,NY,27,7.0,238457689,2008-09-15
2008,house,NY,28,15.0,238457689,2008-09-15
2008,house,NY,29,-5.0,238457689,2008-09-15
2008,house,OH,1,-1.0,238457689,2008-09-15
2008,house,OH,2,-13.0,238457689,2008-09-15
2008,house,OH,3,-3.0,238457689,2008-09-15
2008,house,OH,4,-14.0,238457689,2008-09-15
2008,house,OH,5,-10.0,238457689,2008-09-15
2008,house,OH,6,0.0,238457689,2008-09-15
2008,house,OH,7,-6.0,238457689,2008-09-15
2008,house,OH,8,-12.0,238457689,2008-09-15
2008,house,OH,9,9.0,238457689,2008-09-15
2008,house,OH,10,6.0,238457689,2008-09-15
2008,house,OH,11,33.0,238457689,2008-09-15
2008,house,OH,12,-1.0,238457689,2008-09-15
2008,house,OH,13,6.0,238457689,2008-09-15
2008,house,OH,14,-2.0,238457689,2008-09-15
2008,house,OH,15,-1.0,238457689,2008-09-15
2008,house,OH,16,-4.0,238457689,2008-09-15
2008,house,OH,17,14.0,238457689,2008-09-15
2008,house,OH,18,-6.0,238457689,2008-09-15
2008,house,OK,1,-13.0,238457689,2008-09-15
2008,house,OK,2,-5.0,238457689,2008-09-15
2008,house,OK,3,-18.0,238457689,2008-09-15
2008,house,OK,4,-13.0,238457689,2008-09-15
2008,house,OK,5,-12.0,238457689,2008-09-15
2008,house,OR,1,6.0,238457689,2008-09-15
2008,house,OR,2,-11.0,238457689,2008-09-15
2008,house,OR,3,18.0,238457689,2008-09-15
2008,house,OR,4,0.0,238457689,2008-09-15
2008,house,OR,5,1.0,238457689,2008-09-15
2008,house,PA,1,36.0,238457689,2008-09-15
2008,house,PA,2,39.0,238457689,2008-09-15
2008,house,PA,3,-2.0,238457689,2008-09-15
2008,house,PA,4,-3.0,238457689,2008-09-15
2008,house,PA,5,-10.0,238457689,2008-09-15
2008,house,PA,6,2.0,238457689,2008-09-15
2008,house,PA,7,4.0,238457689,2008-09-15
2008,house,PA,8,3.0,238457689,2008-09-15
2008,house,PA,9,-15.0,238457689,2008-09-15
2008,house,PA,10,-8.0,238457689,2008-09-15
2008,house,PA,11,5.0,238457689,2008-09-15
2008,house,PA,12,5.0,238457689,2008-09-15
2008,house,PA,13,8.0,238457689,2008-09-15
2008,house,PA,14,22.0,238457689,2008-09-15
2008,house,PA,15,2.0,238457689,2008-09-15
2008,house,PA,16,-11.0,238457689,2008-09-15
2008,house,PA,17,-7.0,238457689,2008-09-15
2008,house,PA,18,-2.0,238457689,2008-09-15
2008,house,PA,19,-12.0,238457689,2008-09-15
2008,house,RI,1,16.0,238457689,2008-09-15
2008,house,RI,2,13.0,238457689,2008-09-15
2008,house,SC,1,-10.0,238457689,2008-09-15
2008,house,SC,2,-9.0,238457689,2008-09-15
2008,house,SC,3,-14.0,238457689,2008-09-15
2008,house,SC,4,-15.0,238457689,2008-09-15
2008,house,SC,5,-6.0,238457689,2008-09-15
2008,house,SC,6,11.0,238457689,2008-09-15
2008,house,SD,1,-10.0,238457689,2008-09-15
2008,house,TN,1,-14.0,238457689,2008-09-15
2008,house,TN,2,-11.0,238457689,2008-09-15
2008,house,TN,3,-8.0,238457689,2008-09-15
2008,house,TN,4,-3.0,238457689,2008-09-15
2008,house,TN,5,6.0,238457689,2008-09-15
2008,house,TN,6,-4.0,238457689,2008-09-15
2008,house,TN,7,-12.0,238457689,2008-09-15
2008,house,TN,8,0.0,238457689,2008-09-15
2008,house,TN,9,18.0,238457689,2008-09-15
2008,house,TX,1,-17.0,238457689,2008-09-15
2008,house,TX,2,-12.0,238457689,2008-09-15
2008,house,TX,3,-17.0,238457689,2008-09-15
2008,house,TX,4,-17.0,238457689,2008-09-15
2008,house,TX,5,-16.0,238457689,2008-09-15
2008,house,TX,6,-15.0,238457689,2008-09-15
2008,house,TX,7,-16.0,238457689,2008-09-15
2008,house,TX,8,-20.0,238457689,2008-09-15
2008,house,TX,9,21.0,238457689,2008-09-15
2008,house,TX,10,-13.0,238457689,2008-09-15
2008,house,TX,11,-25.0,238457689,2008-09-15
2008,house,TX,12,-14.0,238457689,2008-09-15
2008,house,TX,13,-18.0,238457689,2008-09-15
2008,house,TX,14,-14.0,238457689,2008-09-15
2008,house,TX,15,3.0,238457689,2008-09-15
2008,house,TX,16,9.0,238457689,2008-09-15
2008,house,TX,17,-18.0,238457689,2008-09-15
2008,house,TX,18,23.0,238457689,2008-09-15
2008,house,TX,19,-25.0,238457689,2008-09-15
2008,house,TX,20,8.0,238457689,2008-09-15
2008,house,TX,21,-13.0,238457689,2008-09-15
2008,house,TX,22,-15.0,238457689,2008-09-15
2008,house,TX,23,-4.0,238457689,2008-09-15
2008,house,TX,24,-15.0,238457689,2008-09-15
2008,house,TX,25,1.0,238457689,2008-09-15
2008,house,TX,26,-12.0,238457689,2008-09-15
2008,house,TX,27,-1.0,238457689,2008-09-15
2008,house,TX,28,-1.0,238457689,2008-09-15
2008,house,TX,29,8.0,238457689,2008-09-15
2008,house,TX,30,26.0,238457689,2008-09-15
2008,house,TX,31,-15.0,238457689,2008-09-15
2008,house,TX,32,-11.0,238457689,2008-09-15
2008,house,UT,1,-26.0,238457689,2008-09-15
2008,house,UT,2,-17.0,238457689,2008-09-15
2008,house,UT,3,-22.0,238457689,2008-09-15
2008,house,VA,1,-9.0,238457689,2008-09-15
2008,house,VA,2,-6.0,238457689,2008-09-15
2008,house,VA,3,18.0,238457689,2008-09-15
2008,house,VA,4,-5.0,238457689,2008-09-15
2008,house,VA,5,-6.0,238457689,2008-09-15
2008,house,VA,6,-11.0,238457689,2008-09-15
2008,house,VA,7,-11.0,238457689,2008-09-15
2008,house,VA,8,14.0,238457689,2008-09-15
2008,house,VA,9,-7.0,238457689,2008-09-15
2008,house,VA,10,-5.0,238457689,2008-09-15
2008,house,VA,11,-1.0,238457689,2008-09-15
2008,house,VT,1,8.0,238457689,2008-09-15
2008,house,WA,1,7.0,238457689,2008-09-15
2008,house,WA,2,3.0,238457689,2008-09-15
2008,house,WA,3,0.0,238457689,2008-09-15
2008,house,WA,4,-13.0,238457689,2008-09-15
2008,house,WA,5,-7.0,238457689,2008-09-15
2008,house,WA,6,6.0,238457689,2008-09-15
2008,house,WA,7,30.0,238457689,2008-09-15
2008,house,WA,8,2.0,238457689,2008-09-15
2008,house,WA,9,6.0,238457689,2008-09-15
2008,house,WI,1,-2.0,238457689,2008-09-15
2008,house,WI,2,13.0,238457689,2008-09-15
2008,house,WI,3,3.0,238457689,2008-09-15
2008,house,WI,4,20.0,238457689,2008-09-15
2008,house,WI,5,-12.0,238457689,2008-09-15
2008,house,WI,6,-5.0,238457689,2008-09-15
2008,house,WI,7,2.0,238457689,2008-09-15
2008,house,WI,8,0.0,238457689,2008-09-15
2008,house,WV,1,-6.0,238457689,2008-09-15
2008,house,WV,2,-5.0,238457689,2008-09-15
2008,house,WV,3,0.0,238457689,2008-09-15
2008,house,WY,1,-19.0,238457689,2008-09-15
2008,state,AK,,-14.0,238457689,2008-09-15
2008,state,AL,,-8.0,238457689,2008-09-15
2008,state,AR,,-3.0,238457689,2008-09-15
2008,state,AZ,,-1.0,238457689,2008-09-15
2008,state,CA,,6.0,238457689,2008-09-15
2008,state,CO,,-1.0,238457689,2008-09-15
2008,state,CT,,9.0,238457689,2008-09-15
2008,state,DE,,7.0,238457689,2008-09-15
2008,state,FL,,1.0,238457689,2008-09-15
2008,state,GA,,-6.0,238457689,2008-09-15
2008,state,HI,,9.0,238457689,2008-09-15
2008,state,IA,,1.0,238457689,2008-09-15
2008,state,ID,,-19.0,238457689,2008-09-15
2008,state,IL,,9.0,238457689,2008-09-15
2008,state,IN,,-7.0,238457689,2008-09-15
2008,state,KS,,-11.0,238457689,2008-09-15
2008,state,KY,,-8.0,238457689,2008-09-15
2008,state,LA,,-4.0,238457689,2008-09-15
2008,state,MA,,15.0,238457689,2008-09-15
2008,state,MD,,10.0,238457689,2008-09-15
2008,state,ME,,5.0,238457689,2008-09-15
2008,state,MI,,4.0,238457689,2008-09-15
2008,state,MN,,3.0,238457689,2008-09-15
2008,state,MO,,-1.0,238457689,2008-09-15
2008,state,MS,,-7.0,238457689,2008-09-15
2008,state,MT,,-11.0,238457689,2008-09-15
2008,state,NC,,-5.0,238457689,2008-09-15
2008,state,ND,,-13.0,238457689,2008-09-15
2008,state,NE,,-15.0,238457689,2008-09-15
2008,state,NH,,2.0,238457689,2008-09-15
2008,state,NJ,,9.0,238457689,2008-09-15
2008,state,NM,,1.0,238457689,2008-09-15
2008,state,NV,,1.0,238457689,2008-09-15
2008,state,NY,,15.0,238457689,2008-09-15
2008,state,OH,,-0.0,238457689,2008-09-15
2008,state,OK,,-12.0,238457689,2008-09-15
2008,state,OR,,3.0,238457689,2008-09-15
2008,state,PA,,3.0,238457689,2008-09-15
2008,state,RI,,15.0,238457689,2008-09-15
2008,state,SC,,-7.0,238457689,2008-09-15
2008,state,SD,,-10.0,238457689,2008-09-15
2008,state,TN,,-3.0,238457689,2008-09-15
2008,state,TX,,-8.0,238457689,2008-09-15
2008,state,UT,,-22.0,238457689,2008-09-15
2008,state,VA,,-3.0,238457689,2008-09-15
2008,state,VT,,8.0,238457689,2008-09-15
2008,state,WA,,4.0,238457689,2008-09-15
2008,state,WI,,2.0,238457689,2008-09-15
2008,state,WV,,-4.0,238457689,2008-09-15
2008,state,WY,,-19.0,238457689,2008-09-15
2010,house,AK,1,-13.0,384479209,2010-09-15
2010,house,AL,1,-14.0,384479209,2010-09-15
2010,house,AL,2,-16.0,384479209,2010-09-15
2010,house,AL,3,-9.0,384479209,2010-09-15
2010,house,AL,4,-26.0,384479209,2010-09-15
2010,house,AL,5,-12.0,384479209,2010-09-15
2010,house,AL,6,-29.0,384479209,2010-09-15
2010,house,AL,7,18.0,384479209,2010-09-15
2010,house,AR,1,-8.0,384479209,2010-09-15
2010,house,AR,2,-5.0,384479209,2010-09-15
2010,house,AR,3,-16.0,384479209,2010-09-15
2010,house,AR,4,-7.0,384479209,2010-09-15
2010,house,AZ,1,-6.0,384479209,2010-09-15
2010,house,AZ,2,-13.0,384479209,2010-09-15
2010,house,AZ,3,-9.0,384479209,2010-09-15
2010,house,AZ,4,13.0,384479209,2010-09-15
2010,house,AZ,5,-5.0,384479209,2010-09-15
2010,house,AZ,6,-15.0,384479209,2010-09-15
2010,house,AZ,7,6.0,384479209,2010-09-15
2010,house,AZ,8,-4.0,384479209,2010-09-15
2010,house,CA,1,13.0,384479209,2010-09-15
2010,house,CA,2,-11.0,384479209,2010-09-15
2010,house,CA,3,-6.0,384479209,2010-09-15
2010,house,CA,4,-10.0,384479209,2010-09-15
2010,house,CA,5,15.0,384479209,2010-09-15
2010,house,CA,6,23.0,384479209,2010-09-15
2010,house,CA,7,19.0,384479209,2010-09-15
2010,house,CA,8,35.0,384479209,2010-09-15
2010,house,CA,9,37.0,384479209,2010-09-15
2010,house,CA,10,11.0,384479209,2010-09-15
2010,house,CA,11,-1.0,384479209,2010-09-15
2010,house,CA,12,23.0,384479209,2010-09-15
2010,house,CA,13,22.0,384479209,2010-09-15
2010,house,CA,14,21.0,384479209,2010-09-15
2010,house,CA,15,15.0,384479209,2010-09-15
2010,house,CA,16,16.0,384479209,2010-09-15
2010,house,CA,17,19.0,384479209,2010-09-15
2010,house,CA,18,4.0,384479209,2010-09-15
2010,house,CA,19,-9.0,384479209,2010-09-15
2010,house,CA,20,5.0,384479209,2010-09-15
2010,house,CA,21,-13.0,384479209,2010-09-15
2010,house,CA,22,-16.0,384479209,2010-09-15
2010,house,CA,23,12.0,384479209,2010-09-15
2010,house,CA,24,-4.0,384479209,2010-09-15
2010,house,CA,25,-6.0,384479209,2010-09-15
2010,house,CA,26,-3.0,384479209,2010-09-15
2010,house,CA,27,13.0,384479209,2010-09-15
2010,house,CA,28,23.0,384479209,2010-09-15
2010,house,CA,29,14.0,384479209,2010-09-15
2010,house,CA,30,18.0,384479209,2010-09-15
2010,house,CA,31,29.0,384479209,2010-09-15
2010,house,CA,32,15.0,384479209,2010-09-15
2010,house,CA,33,35.0,384479209,2010-09-15
2010,house,CA,34,22.0,384479209,2010-09-15
2010,house,CA,35,31.0,384479209,2010-09-15
2010,house,CA,36,12.0,384479209,2010-09-15
2010,house,CA,37,26.0,384479209,2010-09-15
2010,house,CA,38,18.0,384479209,2010-09-15
2010,house,CA,39,12.0,384479209,2010-09-15
2010,house,CA,40,-8.0,384479209,2010-09-15
2010,house,CA,41,-10.0,384479209,2010-09-15
2010,house,CA,42,-10.0,384479209,2010-09-15
2010,house,CA,43,13.0,384479209,2010-09-15
2010,house,CA,44,-6.0,384479209,2010-09-15
2010,house,CA,45,-3.0,384479209,2010-09-15
2010,house,CA,46,-6.0,384479209,2010-09-15
2010,house,CA,47,4.0,384479209,2010-09-15
2010,house,CA,48,-6.0,384479209,2010-09-15
2010,house,CA,49,-10.0,384479209,2010-09-15
2010,house,CA,50,-3.0,384479209,2010-09-15
2010,house,CA,51,8.0,384479209,2010-09-15
2010,house,CA,52,-9.0,384479209,2010-09-15
2010,house,CA,53,14.0,384479209,2010-09-15
2010,house,CO,1,21.0,384479209,2010-09-15
2010,house,CO,2,11.0,384479209,2010-09-15
2010,house,CO,3,-5.0,384479209,2010-09-15
2010,house,CO,4,-6.0,384479209,2010-09-15
2010,house,CO,5,-14.0,384479209,2010-09-15
2010,house,CO,6,-8.0,384479209,2010-09-15
2010,house,CO,7,4.0,384479209,2010-09-15
2010,house,CT,1,13.0,384479209,2010-09-15
2010,house,CT,2,6.0,384479209,2010-09-15
2010,house,CT,3,9.0,384479209,2010-09-15
2010,house,CT,4,5.0,384479209,2010-09-15
2010,house,CT,5,2.0,384479209,2010-09-15
2010,house,DE,1,7.0,384479209,2010-09-15
2010,house,FL,1,-21.0,384479209,2010-09-15
2010,house,FL,2,-6.0,384479209,2010-09-15
2010,house,FL,3,18.0,384479209,2010-09-15
2010,house,FL,4,-17.0,384479209,2010-09-15
2010,house,FL,5,-9.0,384479209,2010-09-15
2010,house,FL,6,-10.0,384479209,2010-09-15
2010,house,FL,7,-7.0,384479209,2010-09-15
2010,house,FL,8,-2.0,384479209,2010-09-15
2010,house,FL,9,-6.0,384479209,2010-09-15
2010,house,FL,10,-1.0,384479209,2010-09-15
2010,house,FL,11,11.0,384479209,2010-09-15
2010,house,FL,12,-6.0,384479209,2010-09-15
2010,house,FL,13,-6.0,384479209,2010-09-15
2010,house,FL,14,-11.0,384479209,2010-09-15
2010,house,FL,15,-6.0,384479209,2010-09-15
2010,house,FL,16,-5.0,384479209,2010-09-15
2010,house,FL,17,34.0,384479209,2010-09-15
2010,house,FL,18,-3.0,384479209,2010-09-15
2010,house,FL,19,15.0,384479209,2010-09-15
2010,house,FL,20,13.0,384479209,2010-09-15
2010,house,FL,21,-5.0,384479209,2010-09-15
2010,house,FL,22,1.0,384479209,2010-09-15
2010,house,FL,23,28.0,384479209,2010-09-15
2010,house,FL,24,-4.0,384479209,2010-09-15
2010,house,FL,25,-5.0,384479209,2010-09-15
2010,house,GA,1,-16.0,384479209,2010-09-15
2010,house,GA,2,1.0,384479209,2010-09-15
2010,house,GA,3,-19.0,384479209,2010-09-15
2010,house,GA,4,24.0,384479209,2010-09-15
2010,house,GA,5,26.0,384479209,2010-09-15
2010,house,GA,6,-19.0,384479209,2010-09-15
2010,house,GA,7,-16.0,384479209,2010-09-15
2010,house,GA,8,-10.0,384479209,2010-09-15
2010,house,GA,9,-28.0,384479209,2010-09-15
2010,house,GA,10,-15.0,384479209,2010-09-15
2010,house,GA,11,-20.0,384479209,2010-09-15
2010,house,GA,12,1.0,384479209,2010-09-15
2010,house,GA,13,15.0,384479209,2010-09-15
2010,house,HI,1,11.0,384479209,2010-09-15
2010,house,HI,2,14.0,384479209,2010-09-15
2010,house,IA,1,5.0,384479209,2010-09-15
2010,house,IA,2,7.0,384479209,2010-09-15
2010,house,IA,3,1.0,384479209,2010-09-15
2010,house,IA,4,0.0,384479209,2010-09-15
2010,house,IA,5,-9.0,384479209,2010-09-15
2010,house,ID,1,-18.0,384479209,2010-09-15
2010,house,ID,2,-17.0,384479209,2010-09-15
2010,house,IL,1,34.0,384479209,2010-09-15
2010,house,IL,2,36.0,384479209,2010-09-15
2010,house,IL,3,11.0,384479209,2010-09-15
2010,house,IL,4,32.0,384479209,2010-09-15
2010,house,IL,5,19.0,384479209,2010-09-15
2010,house,IL,6,0.0,384479209,2010-09-15
2010,house,IL,7,35.0,384479209,2010-09-15
2010,house,IL,8,-1.0,384479209,2010-09-15
2010,house,IL,9,20.0,384479209,2010-09-15
2010,house,IL,10,6.0,384479209,2010-09-15
2010,house,IL,11,-1.0,384479209,2010-09-15
2010,house,IL,12,3.0,384479209,2010-09-15
2010,house,IL,13,-1.0,384479209,2010-09-15
2010,house,IL,14,-1.0,384479209,2010-09-15
2010,house,IL,15,-6.0,384479209,2010-09-15
2010,house,IL,16,-2.0,384479209,2010-09-15
2010,house,IL,17,3.0,384479209,2010-09-15
2010,house,IL,18,-6.0,384479209,2010-09-15
2010,house,IL,19,-9.0,384479209,2010-09-15
2010,house,IN,1,8.0,384479209,2010-09-15
2010,house,IN,2,-2.0,384479209,2010-09-15
2010,house,IN,3,-14.0,384479209,2010-09-15
2010,house,IN,4,-14.0,384479209,2010-09-15
2010,house,IN,5,-17.0,384479209,2010-09-15
2010,house,IN,6,-10.0,384479209,2010-09-15
2010,house,IN,7,14.0,384479209,2010-09-15
2010,house,IN,8,-8.0,384479209,2010-09-15
2010,house,IN,9,-6.0,384479209,2010-09-15
2010,house,KS,1,-23.0,384479209,2010-09-15
2010,house,KS,2,-9.0,384479209,2010-09-15
2010,house,KS,3,-3.0,384479209,2010-09-15
2010,house,KS,4,-14.0,384479209,2010-09-15
2010,house,KY,1,-15.0,384479209,2010-09-15
2010,house,KY,2,-15.0,384479209,2010-09-15
2010,house,KY,3,2.0,384479209,2010-09-15
2010,house,KY,4,-14.0,384479209,2010-09-15
2010,house,KY,5,-16.0,384479209,2010-09-15
2010,house,KY,6,-9.0,384479209,2010-09-15
2010,house,LA,1,-24.0,384479209,2010-09-15
2010,house,LA,2,25.0,384479209,2010-09-15
2010,house,LA,3,-12.0,384479209,2010-09-15
2010,house,LA,4,-11.0,384479209,2010-09-15
2010,house,LA,5,-14.0,384479209,2010-09-15
2010,house,LA,6,-10.0,384479209,2010-09-15
2010,house,LA,7,-14.0,384479209,2010-09-15
2010,house,MA,1,14.0,384479209,2010-09-15
2010,house,MA,2,9.0,384479209,2010-09-15
2010,house,MA,3,9.0,384479209,2010-09-15
2010,house,MA,4,14.0,384479209,2010-09-15
2010,house,MA,5,8.0,384479209,2010-09-15
2010,house,MA,6,7.0,384479209,2010-09-15
2010,house,MA,7,15.0,384479209,2010-09-15
2010,house,MA,8,32.0,384479209,2010-09-15
2010,house,MA,9,11.0,384479209,2010-09-15
2010,house,MA,10,5.0,384479209,2010-09-15
2010,house,MD,1,-13.0,384479209,2010-09-15
2010,house,MD,2,7.0,384479209,2010-09-15
2010,house,MD,3,6.0,384479209,2010-09-15
2010,house,MD,4,31.0,384479209,2010-09-15
2010,house,MD,5,11.0,384479209,2010-09-15
2010,house,MD,6,-13.0,384479209,2010-09-15
2010,house,MD,7,25.0,384479209,2010-09-15
2010,house,MD,8,21.0,384479209,2010-09-15
2010,house,ME,1,8.0,384479209,2010-09-15
2010,house,ME,2,3.0,384479209,2010-09-15
2010,house,MI,1,-3.0,384479209,2010-09-15
2010,house,MI,2,-7.0,384479209,2010-09-15
2010,house,MI,3,-6.0,384479209,2010-09-15
2010,house,MI,4,-3.0,384479209,2010-09-15
2010,house,MI,5,11.0,384479209,2010-09-15
2010,house,MI,6,0.0,384479209,2010-09-15
2010,house,MI,7,-2.0,384479209,2010-09-15
2010,house,MI,8,-2.0,384479209,2010-09-15
2010,house,MI,9,2.0,384479209,2010-09-15
2010,house,MI,10,-5.0,384479209,2010-09-15
2010,house,MI,11,0.0,384479209,2010-09-15
2010,house,MI,12,12.0,384479209,2010-09-15
2010,house,MI,13,31.0,384479209,2010-09-15
2010,house,MI,14,34.0,384479209,2010-09-15
2010,house,MI,15,13.0,384479209,2010-09-15
2010,house,MN,1,-1.0,384479209,2010-09-15
2010,house,MN,2,-4.0,384479209,2010-09-15
2010,house,MN,3,0.0,384479209,2010-09-15
2010,house,MN,4,13.0,384479209,2010-09-15
2010,house,MN,5,23.0,384479209,2010-09-15
2010,house,MN,6,-7.0,384479209,2010-09-15
2010,house,MN,7,-5.0,384479209,2010-09-15
2010,house,MN,8,3.0,384479209,2010-09-15
2010,house,MO,1,27.0,384479209,2010-09-15
2010,house,MO,2,-9.0,384479209,2010-09-15
2010,house,MO,3,7.0,384479209,2010-09-15
2010,house,MO,4,-14.0,384479209,2010-09-15
2010,house,MO,5,10.0,384479209,2010-09-15
2010,house,MO,6,-7.0,384479209,2010-09-15
2010,house,MO,7,-17.0,384479209,2010-09-15
2010,house,MO,8,-15.0,384479209,2010-09-15
2010,house,MO,9,-9.0,384479209,2010-09-15
2010,house,MS,1,-14.0,384479209,2010-09-15
2010,house,MS,2,12.0,384479209,2010-09-15
2010,house,MS,3,-15.0,384479209,2010-09-15
2010,house,MS,4,-20.0,384479209,2010-09-15
2010,house,MT,1,-7.0,384479209,2010-09-15
2010,house,NC,1,9.0,384479209,2010-09-15
2010,house,NC,2,-2.0,384479209,2010-09-15
2010,house,NC,3,-16.0,384479209,2010-09-15
2010,house,NC,4,8.0,384479209,2010-09-15
2010,house,NC,5,-15.0,384479209,2010-09-15
2010,house,NC,6,-18.0,384479209,2010-09-15
2010,house,NC,7,-5.0,384479209,2010-09-15
2010,house,NC,8,-2.0,384479209,2010-09-15
2010,house,NC,9,-11.0,384479209,2010-09-15
2010,house,NC,10,-17.0,384479209,2010-09-15
2010,house,NC,11,-6.0,384479209,2010-09-15
2010,house,NC,12,16.0,384479209,2010-09-15
2010,house,NC,13,5.0,384479209,2010-09-15
2010,house,ND,1,-10.0,384479209,2010-09-15
2010,house,NE,1,-11.0,384479209,2010-09-15
2010,house,NE,2,-6.0,384479209,2010-09-15
2010,house,NE,3,-24.0,384479209,2010-09-15
2010,house,NH,1,0.0,384479209,2010-09-15
2010,house,NH,2,3.0,384479209,2010-09-15
2010,house,NJ,1,12.0,384479209,2010-09-15
2010,house,NJ,2,1.0,384479209,2010-09-15
2010,house,NJ,3,-1.0,384479209,2010-09-15
2010,house,NJ,4,-6.0,384479209,2010-09-15
2010,house,NJ,5,-7.0,384479209,2010-09-15
2010,house,NJ,6,8.0,384479209,2010-09-15
2010,house,NJ,7,-3.0,384479209,2010-09-15
2010,house,NJ,8,10.0,384479209,2010-09-15
2010,house,NJ,9,9.0,384479209,2010-09-15
2010,house,NJ,10,33.0,384479209,2010-09-15
2010,house,NJ,11,-7.0,384479209,2010-09-15
2010,house,NJ,12,5.0,384479209,2010-09-15
2010,house,NJ,13,21.0,384479209,2010-09-15
2010,house,NM,1,5.0,384479209,2010-09-15
2010,house,NM,2,-6.0,384479209,2010-09-15
2010,house,NM,3,7.0,384479209,2010-09-15
2010,house,NV,1,10.0,384479209,2010-09-15
2010,house,NV,2,-5.0,384479209,2010-09-15
2010,house,NV,3,2.0,384479209,2010-09-15
2010,house,NY,1,0.0,384479209,2010-09-15
2010,house,NY,2,4.0,384479209,2010-09-15
2010,house,NY,3,-4.0,384479209,2010-09-15
2010,house,NY,4,6.0,384479209,2010-09-15
2010,house,NY,5,12.0,384479209,2010-09-15
2010,house,NY,6,36.0,384479209,2010-09-15
2010,house,NY,7,26.0,384479209,2010-09-15
2010,house,NY,8,22.0,384479209,2010-09-15
2010,house,NY,9,5.0,384479209,2010-09-15
2010,house,NY,10,38.0,384479209,2010-09-15
2010,house,NY,11,38.0,384479209,2010-09-15
2010,house,NY,12,33.0,384479209,2010-09-15
2010,house,NY,13,-4.0,384479209,2010-09-15
2010,house,NY,14,26.0,384479209,2010-09-15
2010,house,NY,15,-2.0,384479209,2010-09-15
2010,house,NY,16,41.0,384479209,2010-09-15
2010,house,NY,17,18.0,384479209,2010-09-15
2010,house,NY,18,9.0,384479209,2010-09-15
2010,house,NY,19,-3.0,384479209,2010-09-15
2010,house,NY,20,-2.0,384479209,2010-09-15
2010,house,NY,21,6.0,384479209,2010-09-15
2010,house,NY,22,6.0,384479209,2010-09-15
2010,house,NY,23,-1.0,384479209,2010-09-15
2010,house,NY,24,-2.0,384479209,2010-09-15
2010,house,NY,25,3.0,384479209,2010-09-15
2010,house,NY,26,-6.0,384479209,2010-09-15
2010,house,NY,27,4.0,384479209,2010-09-15
2010,house,NY,28,15.0,384479209,2010-09-15
2010,house,NY,29,-5.0,384479209,2010-09-15
2010,house,OH,1,1.0,384479209,2010-09-15
2010,house,OH,2,-13.0,384479209,2010-09-15
2010,house,OH,3,-5.0,384479209,2010-09-15
2010,house,OH,4,-15.0,384479209,2010-09-15
2010,house,OH,5,-9.0,384479209,2010-09-15
2010,house,OH,6,-2.0,384479209,2010-09-15
2010,house,OH,7,-7.0,384479209,2010-09-15
2010,house,OH,8,-14.0,384479209,2010-09-15
2010,house,OH,9,10.0,384479209,2010-09-15
2010,house,OH,10,8.0,384479209,2010-09-15
2010,house,OH,11,32.0,384479209,2010-09-15
2010,house,OH,12,1.0,384479209,2010-09-15
2010,house,OH,13,5.0,384479209,2010-09-15
2010,house,OH,14,-3.0,384479209,2010-09-15
2010,house,OH,15,1.0,384479209,2010-09-15
2010,house,OH,16,-4.0,384479209,2010-09-15
2010,house,OH,17,12.0,384479209,2010-09-15
2010,house,OH,18,-7.0,384479209,2010-09-15
2010,house,OK,1,-16.0,384479209,2010-09-15
2010,house,OK,2,-14.0,384479209,2010-09-15
2010,house,OK,3,-24.0,384479209,2010-09-15
2010,house,OK,4,-18.0,384479209,2010-09-15
2010,house,OK,5,-13.0,384479209,2010-09-15
2010,house,OR,1,8.0,384479209,2010-09-15
2010,house,OR,2,-10.0,384479209,2010-09-15
2010,house,OR,3,19.0,384479209,2010-09-15
2010,house,OR,4,2.0,384479209,2010-09-15
2010,house,OR,5,1.0,384479209,2010-09-15
2010,house,PA,1,35.0,384479209,2010-09-15
2010,house,PA,2,38.0,384479209,2010-09-15
2010,house,PA,3,-3.0,384479209,2010-09-15
2010,house,PA,4,-6.0,384479209,2010-09-15
2010,house,PA,5,-9.0,384479209,2010-09-15
2010,house,PA,6,4.0,384479209,2010-09-15
2010,house,PA,7,3.0,384479209,2010-09-15
2010,house,PA,8,2.0,384479209,2010-09-15
2010,house,PA,9,-17.0,384479209,2010-09-15
2010,house,PA,10,-8.0,384479209,2010-09-15
2010,house,PA,11,4.0,384479209,2010-09-15
2010,house,PA,12,-1.0,384479209,2010-09-15
2010,house,PA,13,7.0,384479209,2010-09-15
2010,house,PA,14,19.0,384479209,2010-09-15
2010,house,PA,15,2.0,384479209,2010-09-15
2010,house,PA,16,-8.0,384479209,2010-09-15
2010,house,PA,17,-6.0,384479209,2010-09-15
2010,house,PA,18,-6.0,384479209,2010-09-15
2010,house,PA,19,-12.0,384479209,2010-09-15
2010,house,RI,1,13.0,384479209,2010-09-15
2010,house,RI,2,9.0,384479209,2010-09-15
2010,house,SC,1,-10.0,384479209,2010-09-15
2010,house,SC,2,-9.0,384479209,2010-09-15
2010,house,SC,3,-17.0,384479209,2010-09-15
2010,house,SC,4,-15.0,384479209,2010-09-15
2010,house,SC,5,-7.0,384479209,2010-09-15
2010,house,SC,6,12.0,384479209,2010-09-15
2010,house,SD,1,-9.0,384479209,2010-09-15
2010,house,TN,1,-21.0,384479209,2010-09-15
2010,house,TN,2,-16.0,384479209,2010-09-15
2010,house,TN,3,-13.0,384479209,2010-09-15
2010,house,TN,4,-13.0,384479209,2010-09-15
2010,house,TN,5,3.0,384479209,2010-09-15
2010,house,TN,6,-13.0,384479209,2010-09-15
2010,house,TN,7,-18.0,384479209,2010-09-15
2010,house,TN,8,-6.0,384479209,2010-09-15
2010,house,TN,9,23.0,384479209,2010-09-15
2010,house,TX,1,-21.0,384479209,2010-09-15
2010,house,TX,2,-13.0,384479209,2010-09-15
2010,house,TX,3,-14.0,384479209,2010-09-15
2010,house,TX,4,-21.0,384479209,2010-09-15
2010,house,TX,5,-17.0,384479209,2010-09-15
2010,house,TX,6,-15.0,384479209,2010-09-15
2010,house,TX,7,-13.0,384479209,2010-09-15
2010,house,TX,8,-25.0,384479209,2010-09-15
2010,house,TX,9,22.0,384479209,2010-09-15
2010,house,TX,10,-10.0,384479209,2010-09-15
2010,house,TX,11,-28.0,384479209,2010-09-15
2010,house,TX,12,-16.0,384479209,2010-09-15
2010,house,TX,13,-29.0,384479209,2010-09-15
2010,house,TX,14,-18.0,384479209,2010-09-15
2010,house,TX,15,3.0,384479209,2010-09-15
2010,house,TX,16,10.0,384479209,2010-09-15
2010,house,TX,17,-20.0,384479209,2010-09-15
2010,house,TX,18,24.0,384479209,2010-09-15
2010,house,TX,19,-26.0,384479209,2010-09-15
2010,house,TX,20,8.0,384479209,2010-09-15
2010,house,TX,21,-14.0,384479209,2010-09-15
2010,house,TX,22,-13.0,384479209,2010-09-15
2010,house,TX,23,-4.0,384479209,2010-09-15
2010,house,TX,24,-11.0,384479209,2010-09-15
2010,house,TX,25,6.0,384479209,2010-09-15
2010,house,TX,26,-13.0,384479209,2010-09-15
2010,house,TX,27,-2.0,384479209,2010-09-15
2010,house,TX,28,0.0,384479209,2010-09-15
2010,house,TX,29,8.0,384479209,2010-09-15
2010,house,TX,30,27.0,384479209,2010-09-15
2010,house,TX,31,-14.0,384479209,2010-09-15
2010,house,TX,32,-8.0,384479209,2010-09-15
2010,house,UT,1,-21.0,384479209,2010-09-15
2010,house,UT,2,-15.0,384479209,2010-09-15
2010,house,UT,3,-26.0,384479209,2010-09-15
2010,house,VA,1,-7.0,384479209,2010-09-15
2010,house,VA,2,-5.0,384479209,2010-09-15
2010,house,VA,3,20.0,384479209,2010-09-15
2010,house,VA,4,-4.0,384479209,2010-09-15
2010,house,VA,5,-5.0,384479209,2010-09-15
2010,house,VA,6,-12.0,384479209,2010-09-15
2010,house,VA,7,-9.0,384479209,2010-09-15
2010,house,VA,8,16.0,384479209,2010-09-15
2010,house,VA,9,-11.0,384479209,2010-09-15
2010,house,VA,10,-2.0,384479209,2010-09-15
2010,house,VA,11,2.0,384479209,2010-09-15
2010,house,VT,1,13.0,384479209,2010-09-15
2010,house,WA,1,9.0,384479209,2010-09-15
2010,house,WA,2,3.0,384479209,2010-09-15
2010,house,WA,3,0.0,384479209,2010-09-15
2010,house,WA,4,-13.0,384479209,2010-09-15
2010,house,WA,5,-7.0,384479209,2010-09-15
2010,house,WA,6,5.0,384479209,2010-09-15
2010,house,WA,7,31.0,384479209,2010-09-15
2010,house,WA,8,3.0,384479209,2010-09-15
2010,house,WA,9,5.0,384479209,2010-09-15
2010,house,WI,1,-2.0,384479209,2010-09-15
2010,house,WI,2,15.0,384479209,2010-09-15
2010,house,WI,3,4.0,384479209,2010-09-15
2010,house,WI,4,22.0,384479209,2010-09-15
2010,house,WI,5,-12.0,384479209,2010-09-15
2010,house,WI,6,-4.0,384479209,2010-09-15
2010,house,WI,7,3.0,384479209,2010-09-15
2010,house,WI,8,-2.0,384479209,2010-09-15
2010,house,WV,1,-9.0,384479209,2010-09-15
2010,house,WV,2,-8.0,384479209,2010-09-15
2010,house,WV,3,-6.0,384479209,2010-09-15
2010,house,WY,1,-20.0,384479209,2010-09-15
2010,state,AK,,-13.0,384479209,2010-09-15
2010,state,AL,,-13.0,384479209,2010-09-15
2010,state,AR,,-9.0,384479209,2010-09-15
2010,state,AZ,,-6.0,384479209,2010-09-15
2010,state,CA,,7.0,384479209,2010-09-15
2010,state,CO,,0.0,384479209,2010-09-15
2010,state,CT,,7.0,384479209,2010-09-15
2010,state,DE,,7.0,384479209,2010-09-15
2010,state,FL,,-2.0,384479209,2010-09-15
2010,state,GA,,-7.0,384479209,2010-09-15
2010,state,HI,,12.0,384479209,2010-09-15
2010,state,IA,,1.0,384479209,2010-09-15
2010,state,ID,,-17.0,384479209,2010-09-15
2010,state,IL,,8.0,384479209,2010-09-15
2010,state,IN,,-6.0,384479209,2010-09-15
2010,state,KS,,-12.0,384479209,2010-09-15
2010,state,KY,,-10.0,384479209,2010-09-15
2010,state,LA,,-10.0,384479209,2010-09-15
2010,state,MA,,12.0,384479209,2010-09-15
2010,state,MD,,9.0,384479209,2010-09-15
2010,state,ME,,5.0,384479209,2010-09-15
2010,state,MI,,4.0,384479209,2010-09-15
2010,state,MN,,2.0,384479209,2010-09-15
2010,state,MO,,-3.0,384479209,2010-09-15
2010,state,MS,,-10.0,384479209,2010-09-15
2010,state,MT,,-7.0,384479209,2010-09-15
2010,state,NC,,-4.0,384479209,2010-09-15
2010,state,ND,,-10.0,384479209,2010-09-15
2010,state,NE,,-13.0,384479209,2010-09-15
2010,state,NH,,2.0,384479209,2010-09-15
2010,state,NJ,,4.0,384479209,2010-09-15
2010,state,NM,,2.0,384479209,2010-09-15
2010,state,NV,,1.0,384479209,2010-09-15
2010,state,NY,,10.0,384479209,2010-09-15
2010,state,OH,,-1.0,384479209,2010-09-15
2010,state,OK,,-17.0,384479209,2010-09-15
2010,state,OR,,4.0,384479209,2010-09-15
2010,state,PA,,2.0,384479209,2010-09-15
2010,state,RI,,11.0,384479209,2010-09-15
2010,state,SC,,-8.0,384479209,2010-09-15
2010,state,SD,,-9.0,384479209,2010-09-15
2010,state,TN,,-9.0,384479209,2010-09-15
2010,state,TX,,-10.0,384479209,2010-09-15
2010,state,UT,,-20.0,384479209,2010-09-15
2010,state,VA,,-2.0,384479209,2010-09-15
2010,state,VT,,13.0,384479209,2010-09-15
2010,state,WA,,5.0,384479209,2010-09-15
2010,state,WI,,2.0,384479209,2010-09-15
2010,state,WV,,-8.0,384479209,2010-09-15
2010,state,WY,,-20.0,384479209,2010-09-15
2012,house,AK,1,-13.0,512481145,2012-09-15
2012,house,AL,1,-14.0,512481145,2012-09-15
2012,house,AL,2,-18.0,512481145,2012-09-15
2012,house,AL,3,-12.0,512481145,2012-09-15
2012,house,AL,4,-22.0,512481145,2012-09-15
2012,house,AL,5,-14.0,512481145,2012-09-15
2012,house,AL,6,-29.0,512481145,2012-09-15
2012,house,AL,7,20.0,512481145,2012-09-15
2012,house,AR,1,-7.0,512481145,2012-09-15
2012,house,AR,2,-5.0,512481145,2012-09-15
2012,house,AR,3,-16.0,512481145,2012-09-15
2012,house,AR,4,-9.0,512481145,2012-09-15
2012,house,AZ,1,-3.0,512481145,2012-09-15
2012,house,AZ,2,-2.0,512481145,2012-09-15
2012,house,AZ,3,7.0,512481145,2012-09-15
2012,house,AZ,4,-16.0,512481145,2012-09-15
2012,house,AZ,5,-17.0,512481145,2012-09-15
2012,house,AZ,6,-10.0,512481145,2012-09-15
2012,house,AZ,7,12.0,512481145,2012-09-15
2012,house,AZ,8,-13.0,512481145,2012-09-15
2012,house,AZ,9,0.0,512481145,2012-09-15
2012,house,CA,1,-10.0,512481145,2012-09-15
2012,house,CA,2,19.0,512481145,2012-09-15
2012,house,CA,3,1.0,512481145,2012-09-15
2012,house,CA,4,-10.0,512481145,2012-09-15
2012,house,CA,5,18.0,512481145,2012-09-15
2012,house,CA,6,13.0,512481145,2012-09-15
2012,house,CA,7,-3.0,512481145,2012-09-15
2012,house,CA,8,-12.0,512481145,2012-09-15
2012,house,CA,9,2.0,512481145,2012-09-15
2012,house,CA,10,-5.0,512481145,2012-09-15
2012,house,CA,11,17.0,512481145,2012-09-15
2012,house,CA,12,35.0,512481145,2012-09-15
2012,house,CA,13,37.0,512481145,2012-09-15
2012,house,CA,14,23.0,512481145,2012-09-15
2012,house,CA,15,15.0,512481145,2012-09-15
2012,house,CA,16,2.0,512481145,2012-09-15
2012,house,CA,17,18.0,512481145,2012-09-15
2012,house,CA,18,18.0,512481145,2012-09-15
2012,house,CA,19,16.0,512481145,2012-09-15
2012,house,CA,20,19.0,512481145,2012-09-15
2012,house,CA,21,-3.0,512481145,2012-09-15
2012,house,CA,22,-12.0,512481145,2012-09-15
2012,house,CA,23,-18.0,512481145,2012-09-15
2012,house,CA,24,3.0,512481145,2012-09-15
2012,house,CA,25,-4.0,512481145,2012-09-15
2012,house,CA,26,2.0,512481145,2012-09-15
2012,house,CA,27,10.0,512481145,2012-09-15
2012,house,CA,28,20.0,512481145,2012-09-15
2012,house,CA,29,22.0,512481145,2012-09-15
2012,house,CA,30,15.0,512481145,2012-09-15
2012,house,CA,31,2.0,512481145,2012-09-15
2012,house,CA,32,10.0,512481145,2012-09-15
2012,house,CA,33,13.0,512481145,2012-09-15
2012,house,CA,34,29.0,512481145,2012-09-15
2012,house,CA,35,10.0,512481145,2012-09-15
2012,house,CA,36,-3.0,512481145,2012-09-15
2012,house,CA,37,33.0,512481145,2012-09-15
2012,house,CA,38,10.0,512481145,2012-09-15
2012,house,CA,39,-7.0,512481145,2012-09-15
2012,house,CA,40,26.0,512481145,2012-09-15
2012,house,CA,41,3.0,512481145,2012-09-15
2012,house,CA,42,-12.0,512481145,2012-09-15
2012,house,CA,43,24.0,512481145,2012-09-15
2012,house,CA,44,29.0,512481145,2012-09-15
2012,house,CA,45,-8.0,512481145,2012-09-15
2012,house,CA,46,3.0,512481145,2012-09-15
2012,house,CA,47,5.0,512481145,2012-09-15
2012,house,CA,48,-8.0,512481145,2012-09-15
2012,house,CA,49,-5.0,512481145,2012-09-15
2012,house,CA,50,-14.0,512481145,2012-09-15
2012,house,CA,51,11.0,512481145,2012-09-15
2012,house,CA,52,1.0,512481145,2012-09-15
2012,house,CA,53,7.0,512481145,2012-09-15
2012,house,CO,1,18.0,512481145,2012-09-15
2012,house,CO,2,8.0,512481145,2012-09-15
2012,house,CO,3,-4.0,512481145,2012-09-15
2012,house,CO,4,-12.0,512481145,2012-09-15
2012,house,CO,5,-14.0,512481145,2012-09-15
2012,house,CO,6,-1.0,512481145,2012-09-15
2012,house,CO,7,3.0,512481145,2012-09-15
2012,house,CT,1,13.0,512481145,2012-09-15
2012,house,CT,2,6.0,512481145,2012-09-15
2012,house,CT,3,9.0,512481145,2012-09-15
2012,house,CT,4,5.0,512481145,2012-09-15
2012,house,CT,5,2.0,512481145,2012-09-15
2012,house,DE,1,7.0,512481145,2012-09-15
2012,house,FL,1,-21.0,512481145,2012-09-15
2012,house,FL,2,-4.0,512481145,2012-09-15
2012,house,FL,3,-12.0,512481145,2012-09-15
2012,house,FL,4,-17.0,512481145,2012-09-15
2012,house,FL,5,15.0,512481145,2012-09-15
2012,house,FL,6,-6.0,512481145,2012-09-15
2012,house,FL,7,-5.0,512481145,2012-09-15
2012,house,FL,8,-9.0,512481145,2012-09-15
2012,house,FL,9,3.0,512481145,2012-09-15
2012,house,FL,10,-7.0,512481145,2012-09-15
2012,house,FL,11,-8.0,512481145,2012-09-15
2012,house,FL,12,-6.0,512481145,2012-09-15
2012,house,FL,13,-1.0,512481145,2012-09-15
2012,house,FL,14,11.0,512481145,2012-09-15
2012,house,FL,15,-8.0,512481145,2012-09-15
2012,house,FL,16,-5.0,512481145,2012-09-15
2012,house,FL,17,-10.0,512481145,2012-09-15
2012,house,FL,18,-1.0,512481145,2012-09-15
2012,house,FL,19,-11.0,512481145,2012-09-15
2012,house,FL,20,28.0,512481145,2012-09-15
2012,house,FL,21,12.0,512481145,2012-09-15
2012,house,FL,22,5.0,512481145,2012-09-15
2012,house,FL,23,11.0,512481145,2012-09-15
2012,house,FL,24,33.0,512481145,2012-09-15
2012,house,FL,25,-9.0,512481145,2012-09-15
2012,house,FL,26,-4.0,512481145,2012-09-15
2012,house,FL,27,-6.0,512481145,2012-09-15
2012,house,GA,1,-16.0,512481145,2012-09-15
2012,house,GA,2,1.0,512481145,2012-09-15
2012,house,GA,3,-19.0,512481145,2012-09-15
2012,house,GA,4,24.0,512481145,2012-09-15
2012,house,GA,5,26.0,512481145,2012-09-15
2012,house,GA,6,-19.0,512481145,2012-09-15
2012,house,GA,7,-16.0,512481145,2012-09-15
2012,house,GA,8,-10.0,512481145,2012-09-15
2012,house,GA,9,-28.0,512481145,2012-09-15
2012,house,GA,10,-15.0,512481145,2012-09-15
2012,house,GA,11,-20.0,512481145,2012-09-15
2012,house,GA,12,1.0,512481145,2012-09-15
2012,house,GA,13,15.0,512481145,2012-09-15
2012,house,HI,1,11.0,512481145,2012-09-15
2012,house,HI,2,14.0,512481145,2012-09-15
2012,house,IA,1,5.0,512481145,2012-09-15
2012,house,IA,2,7.0,512481145,2012-09-15
2012,house,IA,3,1.0,512481145,2012-09-15
2012,house,IA,4,0.0,512481145,2012-09-15
2012,house,IA,5,-9.0,512481145,2012-09-15
2012,house,ID,1,-18.0,512481145,2012-09-15
2012,house,ID,2,-17.0,512481145,2012-09-15
2012,house,IL,1,34.0,512481145,2012-09-15
2012,house,IL,2,36.0,512481145,2012-09-15
2012,house,IL,3,11.0,512481145,2012-09-15
2012,house,IL,4,32.0,512481145,2012-09-15
2012,house,IL,5,19.0,512481145,2012-09-15
2012,house,IL,6,0.0,512481145,2012-09-15
2012,house,IL,7,35.0,512481145,2012-09-15
2012,house,IL,8,-1.0,512481145,2012-09-15
2012,house,IL,9,20.0,512481145,2012-09-15
2012,house,IL,10,6.0,512481145,2012-09-15
2012,house,IL,11,-1.0,512481145,2012-09-15
2012,house,IL,12,3.0,512481145,2012-09-15
2012,house,IL,13,-1.0,512481145,2012-09-15
2012,house,IL,14,-1.0,512481145,2012-09-15
2012,house,IL,15,-6.0,512481145,2012-09-15
2012,house,IL,16,-2.0,512481145,2012-09-15
2012,house,IL,17,3.0,512481145,2012-09-15
2012,house,IL,18,-6.0,512481145,2012-09-15
2012,house,IL,19,-9.0,512481145,2012-09-15
2012,house,IN,1,8.0,512481145,2012-09-15
2012,house,IN,2,-2.0,512481145,2012-09-15
2012,house,IN,3,-14.0,512481145,2012-09-15
2012,house,IN,4,-14.0,512481145,2012-09-15
2012,house,IN,5,-17.0,512481145,2012-09-15
2012,house,IN,6,-10.0,512481145,2012-09-15
2012,house,IN,7,14.0,512481145,2012-09-15
2012,house,IN,8,-8.0,512481145,2012-09-15
2012,house,IN,9,-6.0,512481145,2012-09-15
2012,house,KS,1,-23.0,512481145,2012-09-15
2012,house,KS,2,-9.0,512481145,2012-09-15
2012,house,KS,3,-3.0,512481145,2012-09-15
2012,house,KS,4,-14.0,512481145,2012-09-15
2012,house,KY,1,-15.0,512481145,2012-09-15
2012,house,KY,2,-15.0,512481145,2012-09-15
2012,house,KY,3,2.0,512481145,2012-09-15
2012,house,KY,4,-14.0,512481145,2012-09-15
2012,house,KY,5,-16.0,512481145,2012-09-15
2012,house,KY,6,-9.0,512481145,2012-09-15
2012,house,LA,1,-24.0,512481145,2012-09-15
2012,house,LA,2,25.0,512481145,2012-09-15
2012,house,LA,3,-12.0,512481145,2012-09-15
2012,house,LA,4,-11.0,512481145,2012-09-15
2012,house,LA,5,-14.0,512481145,2012-09-15
2012,house,LA,6,-10.0,512481145,2012-09-15
2012,house,LA,7,-14.0,512481145,2012-09-15
2012,house,MA,1,14.0,512481145,2012-09-15
2012,house,MA,2,9.0,512481145,2012-09-15
2012,house,MA,3,9.0,512481145,2012-09-15
2012,house,MA,4,14.0,512481145,2012-09-15
2012,house,MA,5,8.0,512481145,2012-09-15
2012,house,MA,6,7.0,512481145,2012-09-15
2012,house,MA,7,15.0,512481145,2012-09-15
2012,house,MA,8,32.0,512481145,2012-09-15
2012,house,MA,9,11.0,512481145,2012-09-15
2012,house,MA,10,5.0,512481145,2012-09-15
2012,house,MD,1,-13.0,512481145,2012-09-15
2012,house,MD,2,7.0,512481145,2012-09-15
2012,house,MD,3,6.0,512481145,2012-09-15
2012,house,MD,4,31.0,512481145,2012-09-15
2012,house,MD,5,11.0,512481145,2012-09-15
2012,house,MD,6,-13.0,512481145,2012-09-15
2012,house,MD,7,25.0,512481145,2012-09-15
2012,house,MD,8,21.0,512481145,2012-09-15
2012,house,ME,1,8.0,512481145,2012-09-15
2012,house,ME,2,3.0,512481145,2012-09-15
2012,house,MI,1,-3.0,512481145,2012-09-15
2012,house,MI,2,-7.0,512481145,2012-09-15
2012,house,MI,3,-6.0,512481145,2012-09-15
2012,house,MI,4,-3.0,512481145,2012-09-15
2012,house,MI,5,11.0,512481145,2012-09-15
2012,house,MI,6,0.0,512481145,2012-09-15
2012,house,MI,7,-2.0,512481145,2012-09-15
2012,house,MI,8,-2.0,512481145,2012-09-15
2012,house,MI,9,2.0,512481145,2012-09-15
2012,house,MI,10,-5.0,512481145,2012-09-15
2012,house,MI,11,0.0,512481145,2012-09-15
2012,house,MI,12,12.0,512481145,2012-09-15
2012,house,MI,13,31.0,512481145,2012-09-15
2012,house,MI,14,34.0,512481145,2012-09-15
2012,house,MI,15,13.0,512481145,2012-09-15
2012,house,MN,1,-1.0,512481145,2012-09-15
2012,house,MN,2,-4.0,512481145,2012-09-15
2012,house,MN,3,0.0,512481145,2012-09-15
2012,house,MN,4,13.0,512481145,2012-09-15
2012,house,MN,5,23.0,512481145,2012-09-15
2012,house,MN,6,-7.0,512481145,2012-09-15
2012,house,MN,7,-5.0,512481145,2012-09-15
2012,house,MN,8,3.0,512481145,2012-09-15
2012,house,MO,1,27.0,512481145,2012-09-15
2012,house,MO,2,-9.0,512481145,2012-09-15
2012,house,MO,3,7.0,512481145,2012-09-15
2012,house,MO,4,-14.0,512481145,2012-09-15
2012,house,MO,5,10.0,512481145,2012-09-15
2012,house,MO,6,-7.0,512481145,2012-09-15
2012,house,MO,7,-17.0,512481145,2012-09-15
2012,house,MO,8,-15.0,512481145,2012-09-15
2012,house,MO,9,-9.0,512481145,2012-09-15
2012,house,MS,1,-14.0,512481145,2012-09-15
2012,house,MS,2,12.0,512481145,2012-09-15
2012,house,MS,3,-15.0,512481145,2012-09-15
2012,house,MS,4,-20.0,512481145,2012-09-15
2012,house,MT,1,-7.0,512481145,2012-09-15
2012,house,NC,1,17.0,512481145,2012-09-15
2012,house,NC,2,-11.0,512481145,2012-09-15
2012,house,NC,3,-10.0,512481145,2012-09-15
2012,house,NC,4,16.0,512481145,2012-09-15
2012,house,NC,5,-13.0,512481145,2012-09-15
2012,house,NC,6,-11.0,512481145,2012-09-15
2012,house,NC,7,-11.0,512481145,2012-09-15
2012,house,NC,8,-12.0,512481145,2012-09-15
2012,house,NC,9,-11.0,512481145,2012-09-15
2012,house,NC,10,-12.0,512481145,2012-09-15
2012,house,NC,11,-13.0,512481145,2012-09-15
2012,house,NC,12,20.0,512481145,2012-09-15
2012,house,NC,13,-10.0,512481145,2012-09-15
2012,house,ND,1,-10.0,512481145,2012-09-15
2012,house,NE,1,-11.0,512481145,2012-09-15
2012,house,NE,2,-6.0,512481145,2012-09-15
2012,house,NE,3,-24.0,512481145,2012-09-15
2012,house,NH,1,0.0,512481145,2012-09-15
2012,house,NH,2,3.0,512481145,2012-09-15
2012,house,NJ,1,12.0,512481145,2012-09-15
2012,house,NJ,2,1.0,512481145,2012-09-15
2012,house,NJ,3,-1.0,512481145,2012-09-15
2012,house,NJ,4,-6.0,512481145,2012-09-15
2012,house,NJ,5,-7.0,512481145,2012-09-15
2012,house,NJ,6,8.0,512481145,2012-09-15
2012,house,NJ,7,-3.0,512481145,2012-09-15
2012,house,NJ,8,10.0,512481145,2012-09-15
2012,house,NJ,9,9.0,512481145,2012-09-15
2012,house,NJ,10,33.0,512481145,2012-09-15
2012,house,NJ,11,-7.0,512481145,2012-09-15
2012,house,NJ,12,5.0,512481145,2012-09-15
2012,house,NJ,13,21.0,512481145,2012-09-15
2012,house,NM,1,5.0,512481145,2012-09-15
2012,house,NM,2,-6.0,512481145,2012-09-15
2012,house,NM,3,7.0,512481145,2012-09-15
2012,house,NV,1,10.0,512481145,2012-09-15
2012,house,NV,2,-5.0,512481145,2012-09-15
2012,house,NV,3,2.0,512481145,2012-09-15
2012,house,NY,1,0.0,512481145,2012-09-15
2012,house,NY,2,4.0,512481145,2012-09-15
2012,house,NY,3,-4.0,512481145,2012-09-15
2012,house,NY,4,6.0,512481145,2012-09-15
2012,house,NY,5,12.0,512481145,2012-09-15
2012,house,NY,6,36.0,512481145,2012-09-15
2012,house,NY,7,26.0,512481145,2012-09-15
2012,house,NY,8,22.0,512481145,2012-09-15
2012,house,NY,9,5.0,512481145,2012-09-15
2012,house,NY,10,38.0,512481145,2012-09-15
2012,house,NY,11,38.0,512481145,2012-09-15
2012,house,NY,12,33.0,512481145,2012-09-15
2012,house,NY,13,-4.0,512481145,2012-09-15
2012,house,NY,14,26.0,512481145,2012-09-15
2012,house,NY,15,-2.0,512481145,2012-09-15
2012,house,NY,16,41.0,512481145,2012-09-15
2012,house,NY,17,18.0,512481145,2012-09-15
2012,house,NY,18,9.0,512481145,2012-09-15
2012,house,NY,19,-3.0,512481145,2012-09-15
2012,house,NY,20,-2.0,512481145,2012-09-15
2012,house,NY,21,6.0,512481145,2012-09-15
2012,house,NY,22,6.0,512481145,2012-09-15
2012,house,NY,23,-1.0,512481145,2012-09-15
2012,house,NY,24,-2.0,512481145,2012-09-15
2012,house,NY,25,3.0,512481145,2012-09-15
2012,house,NY,26,-6.0,512481145,2012-09-15
2012,house,NY,27,4.0,512481145,2012-09-15
2012,house,NY,28,15.0,512481145,2012-09-15
2012,house,NY,29,-5.0,512481145,2012-09-15
2012,house,OH,1,1.0,512481145,2012-09-15
2012,house,OH,2,-13.0,512481145,2012-09-15
2012,house,OH,3,-5.0,512481145,2012-09-15
2012,house,OH,4,-15.0,512481145,2012-09-15
2012,house,OH,5,-9.0,512481145,2012-09-15
2012,house,OH,6,-2.0,512481145,2012-09-15
2012,house,OH,7,-7.0,512481145,2012-09-15
2012,house,OH,8,-14.0,512481145,2012-09-15
2012,house,OH,9,10.0,512481145,2012-09-15
2012,house,OH,10,8.0,512481145,2012-09-15
2012,house,OH,11,32.0,512481145,2012-09-15
2012,house,OH,12,1.0,512481145,2012-09-15
2012,house,OH,13,5.0,512481145,2012-09-15
2012,house,OH,14,-3.0,512481145,2012-09-15
2012,house,OH,15,1.0,512481145,2012-09-15
2012,house,OH,16,-4.0,512481145,2012-09-15
2012,house,OH,17,12.0,512481145,2012-09-15
2012,house,OH,18,-7.0,512481145,2012-09-15
2012,house,OK,1,-16.0,512481145,2012-09-15
2012,house,OK,2,-14.0,512481145,2012-09-15
2012,house,OK,3,-24.0,512481145,2012-09-15
2012,house,OK,4,-18.0,512481145,2012-09-15
2012,house,OK,5,-13.0,512481145,2012-09-15
2012,house,OR,1,8.0,512481145,2012-09-15
2012,house,OR,2,-10.0,512481145,2012-09-15
2012,house,OR,3,19.0,512481145,2012-09-15
2012,house,OR,4,2.0,512481145,2012-09-15
2012,house,OR,5,1.0,512481145,2012-09-15
2012,house,PA,1,35.0,512481145,2012-09-15
2012,house,PA,2,38.0,512481145,2012-09-15
2012,house,PA,3,-3.0,512481145,2012-09-15
2012,house,PA,4,-6.0,512481145,2012-09-15
2012,house,PA,5,-9.0,512481145,2012-09-15
2012,house,PA,6,4.0,512481145,2012-09-15
2012,house,PA,7,3.0,512481145,2012-09-15
2012,house,PA,8,2.0,512481145,2012-09-15
2012,house,PA,9,-17.0,512481145,2012-09-15
2012,house,PA,10,-8.0,512481145,2012-09-15
2012,house,PA,11,4.0,512481145,2012-09-15
2012,house,PA,12,-1.0,512481145,2012-09-15
2012,house,PA,13,7.0,512481145,2012-09-15
2012,house,PA,14,19.0,512481145,2012-09-15
2012,house,PA,15,2.0,512481145,2012-09-15
2012,house,PA,16,-8.0,512481145,2012-09-15
2012,house,PA,17,-6.0,512481145,2012-09-15
2012,house,PA,18,-6.0,512481145,2012-09-15
2012,house,PA,19,-12.0,512481145,2012-09-15
2012,house,RI,1,13.0,512481145,2012-09-15
2012,house,RI,2,9.0,512481145,2012-09-15
2012,house,SC,1,-10.0,512481145,2012-09-15
2012,house,SC,2,-9.0,512481145,2012-09-15
2012,house,SC,3,-17.0,512481145,2012-09-15
2012,house,SC,4,-15.0,512481145,2012-09-15
2012,house,SC,5,-7.0,512481145,2012-09-15
2012,house,SC,6,12.0,512481145,2012-09-15
2012,house,SD,1,-9.0,512481145,2012-09-15
2012,house,TN,1,-21.0,512481145,2012-09-15
2012,house,TN,2,-16.0,512481145,2012-09-15
2012,house,TN,3,-13.0,512481145,2012-09-15
2012,house,TN,4,-13.0,512481145,2012-09-15
2012,house,TN,5,3.0,512481145,2012-09-15
2012,house,TN,6,-13.0,512481145,2012-09-15
2012,house,TN,7,-18.0,512481145,2012-09-15
2012,house,TN,8,-6.0,512481145,2012-09-15
2012,house,TN,9,23.0,512481145,2012-09-15
2012,house,TX,1,-21.0,512481145,2012-09-15
2012,house,TX,2,-13.0,512481145,2012-09-15
2012,house,TX,3,-14.0,512481145,2012-09-15
2012,house,TX,4,-21.0,512481145,2012-09-15
2012,house,TX,5,-17.0,512481145,2012-09-15
2012,house,TX,6,-15.0,512481145,2012-09-15
2012,house,TX,7,-13.0,512481145,2012-09-15
2012,house,TX,8,-25.0,512481145,2012-09-15
2012,house,TX,9,22.0,512481145,2012-09-15
2012,house,TX,10,-10.0,512481145,2012-09-15
2012,house,TX,11,-28.0,512481145,2012-09-15
2012,house,TX,12,-16.0,512481145,2012-09-15
2012,house,TX,13,-29.0,512481145,2012-09-15
2012,house,TX,14,-18.0,512481145,2012-09-15
2012,house,TX,15,3.0,512481145,2012-09-15
2012,house,TX,16,10.0,512481145,2012-09-15
2012,house,TX,17,-20.0,512481145,2012-09-15
2012,house,TX,18,24.0,512481145,2012-09-15
2012,house,TX,19,-26.0,512481145,2012-09-15
2012,house,TX,20,8.0,512481145,2012-09-15
2012,house,TX,21,-14.0,512481145,2012-09-15
2012,house,TX,22,-13.0,512481145,2012-09-15
2012,house,TX,23,-4.0,512481145,2012-09-15
2012,house,TX,24,-11.0,512481145,2012-09-15
2012,house,TX,25,6.0,512481145,2012-09-15
2012,house,TX,26,-13.0,512481145,2012-09-15
2012,house,TX,27,-2.0,512481145,2012-09-15
2012,house,TX,28,0.0,512481145,2012-09-15
2012,house,TX,29,8.0,512481145,2012-09-15
2012,house,TX,30,27.0,512481145,2012-09-15
2012,house,TX,31,-14.0,512481145,2012-09-15
2012,house,TX,32,-8.0,512481145,2012-09-15
2012,house,UT,1,-21.0,512481145,2012-09-15
2012,house,UT,2,-15.0,512481145,2012-09-15
2012,house,UT,3,-26.0,512481145,2012-09-15
2012,house,VA,1,-7.0,512481145,2012-09-15
2012,house,VA,2,-5.0,512481145,2012-09-15
2012,house,VA,3,20.0,512481145,2012-09-15
2012,house,VA,4,-4.0,512481145,2012-09-15
2012,house,VA,5,-5.0,512481145,2012-09-15
2012,house,VA,6,-12.0,512481145,2012-09-15
2012,house,VA,7,-9.0,512481145,2012-09-15
2012,house,VA,8,16.0,512481145,2012-09-15
2012,house,VA,9,-11.0,512481145,2012-09-15
2012,house,VA,10,-2.0,512481145,2012-09-15
2012,house,VA,11,2.0,512481145,2012-09-15
2012,house,VT,1,13.0,512481145,2012-09-15
2012,house,WA,1,9.0,512481145,2012-09-15
2012,house,WA,2,3.0,512481145,2012-09-15
2012,house,WA,3,0.0,512481145,2012-09-15
2012,house,WA,4,-13.0,512481145,2012-09-15
2012,house,WA,5,-7.0,512481145,2012-09-15
2012,house,WA,6,5.0,512481145,2012-09-15
2012,house,WA,7,31.0,512481145,2012-09-15
2012,house,WA,8,3.0,512481145,2012-09-15
2012,house,WA,9,5.0,512481145,2012-09-15
2012,house,WI,1,-2.0,512481145,2012-09-15
2012,house,WI,2,15.0,512481145,2012-09-15
2012,house,WI,3,4.0,512481145,2012-09-15
2012,house,WI,4,22.0,512481145,2012-09-15
2012,house,WI,5,-12.0,512481145,2012-09-15
2012,house,WI,6,-4.0,512481145,2012-09-15
2012,house,WI,7,3.0,512481145,2012-09-15
2012,house,WI,8,-2.0,512481145,2012-09-15
2012,house,WV,1,-9.0,512481145,2012-09-15
2012,house,WV,2,-8.0,512481145,2012-09-15
2012,house,WV,3,-6.0,512481145,2012-09-15
2012,house,WY,1,-20.0,512481145,2012-09-15
2012,state,AK,,-13.0,512481145,2012-09-15
2012,state,AL,,-13.0,512481145,2012-09-15
2012,state,AR,,-9.0,512481145,2012-09-15
2012,state,AZ,,-6.0,512481145,2012-09-15
2012,state,CA,,7.0,512481145,2012-09-15
2012,state,CO,,0.0,512481145,2012-09-15
2012,state,CT,,7.0,512481145,2012-09-15
2012,state,DE,,7.0,512481145,2012-09-15
2012,state,FL,,-2.0,512481145,2012-09-15
2012,state,GA,,-7.0,512481145,2012-09-15
2012,state,HI,,12.0,512481145,2012-09-15
2012,state,IA,,1.0,512481145,2012-09-15
2012,state,ID,,-17.0,512481145,2012-09-15
2012,state,IL,,8.0,512481145,2012-09-15
2012,state,IN,,-6.0,512481145,2012-09-15
2012,state,KS,,-12.0,512481145,2012-09-15
2012,state,KY,,-10.0,512481145,2012-09-15
2012,state,LA,,-10.0,512481145,2012-09-15
2012,state,MA,,12.0,512481145,2012-09-15
2012,state,MD,,9.0,512481145,2012-09-15
2012,state,ME,,5.0,512481145,2012-09-15
2012,state,MI,,4.0,512481145,2012-09-15
2012,state,MN,,2.0,512481145,2012-09-15
2012,state,MO,,-3.0,512481145,2012-09-15
2012,state,MS,,-10.0,512481145,2012-09-15
2012,state,MT,,-7.0,512481145,2012-09-15
2012,state,NC,,-4.0,512481145,2012-09-15
2012,state,ND,,-10.0,512481145,2012-09-15
2012,state,NE,,-13.0,512481145,2012-09-15
2012,state,NH,,2.0,512481145,2012-09-15
2012,state,NJ,,4.0,512481145,2012-09-15
2012,state,NM,,2.0,512481145,2012-09-15
2012,state,NV,,1.0,512481145,2012-09-15
2012,state,NY,,10.0,512481145,2012-09-15
2012,state,OH,,-1.0,512481145,2012-09-15
2012,state,OK,,-17.0,512481145,2012-09-15
2012,state,OR,,4.0,512481145,2012-09-15
2012,state,PA,,2.0,512481145,2012-09-15
2012,state,RI,,11.0,512481145,2012-09-15
2012,state,SC,,-8.0,512481145,2012-09-15
2012,state,SD,,-9.0,512481145,2012-09-15
2012,state,TN,,-9.0,512481145,2012-09-15
2012,state,TX,,-10.0,512481145,2012-09-15
2012,state,UT,,-20.0,512481145,2012-09-15
2012,state,VA,,-2.0,512481145,2012-09-15
2012,state,VT,,13.0,512481145,2012-09-15
2012,state,WA,,5.0,512481145,2012-09-15
2012,state,WI,,2.0,512481145,2012-09-15
2012,state,WV,,-8.0,512481145,2012-09-15
2012,state,WY,,-20.0,512481145,2012-09-15
2014,house,AK,1,-12.0,614669248,2014-09-15
2014,house,AL,1,-15.0,614669248,2014-09-15
2014,house,AL,2,-17.0,614669248,2014-09-15
2014,house,AL,3,-16.0,614669248,2014-09-15
2014,house,AL,4,-28.0,614669248,2014-09-15
2014,house,AL,5,-17.0,614669248,2014-09-15
2014,house,AL,6,-28.0,614669248,2014-09-15
2014,house,AL,7,20.0,614669248,2014-09-15
2014,house,AR,1,-14.0,614669248,2014-09-15
2014,house,AR,2,-8.0,614669248,2014-09-15
2014,house,AR,3,-19.0,614669248,2014-09-15
2014,house,AR,4,-15.0,614669248,2014-09-15
2014,house,AZ,1,-4.0,614669248,2014-09-15
2014,house,AZ,2,-3.0,614669248,2014-09-15
2014,house,AZ,3,8.0,614669248,2014-09-15
2014,house,AZ,4,-20.0,614669248,2014-09-15
2014,house,AZ,5,-17.0,614669248,2014-09-15
2014,house,AZ,6,-12.0,614669248,2014-09-15
2014,house,AZ,7,16.0,614669248,2014-09-15
2014,house,AZ,8,-15.0,614669248,2014-09-15
2014,house,AZ,9,-1.0,614669248,2014-09-15
2014,house,CA,1,-10.0,614669248,2014-09-15
2014,house,CA,2,20.0,614669248,2014-09-15
2014,house,CA,3,3.0,614669248,2014-09-15
2014,house,CA,4,-10.0,614669248,2014-09-15
2014,house,CA,5,19.0,614669248,2014-09-15
2014,house,CA,6,18.0,614669248,2014-09-15
2014,house,CA,7,0.0,614669248,2014-09-15
2014,house,CA,8,-10.0,614669248,2014-09-15
2014,house,CA,9,6.0,614669248,2014-09-15
2014,house,CA,10,-1.0,614669248,2014-09-15
2014,house,CA,11,17.0,614669248,2014-09-15
2014,house,CA,12,34.0,614669248,2014-09-15
2014,house,CA,13,37.0,614669248,2014-09-15
2014,house,CA,14,23.0,614669248,2014-09-15
2014,house,CA,15,16.0,614669248,2014-09-15
2014,house,CA,16,7.0,614669248,2014-09-15
2014,house,CA,17,20.0,614669248,2014-09-15
2014,house,CA,18,18.0,614669248,2014-09-15
2014,house,CA,19,19.0,614669248,2014-09-15
2014,house,CA,20,21.0,614669248,2014-09-15
2014,house,CA,21,2.0,614669248,2014-09-15
2014,house,CA,22,-10.0,614669248,2014-09-15
2014,house,CA,23,-16.0,614669248,2014-09-15
2014,house,CA,24,4.0,614669248,2014-09-15
2014,house,CA,25,-3.0,614669248,2014-09-15
2014,house,CA,26,4.0,614669248,2014-09-15
2014,house,CA,27,11.0,614669248,2014-09-15
2014,house,CA,28,20.0,614669248,2014-09-15
2014,house,CA,29,25.0,614669248,2014-09-15
2014,house,CA,30,14.0,614669248,2014-09-15
2014,house,CA,31,5.0,614669248,2014-09-15
2014,house,CA,32,12.0,614669248,2014-09-15
2014,house,CA,33,11.0,614669248,2014-09-15
2014,house,CA,34,30.0,614669248,2014-09-15
2014,house,CA,35,15.0,614669248,2014-09-15
2014,house,CA,36,-1.0,614669248,2014-09-15
2014,house,CA,37,34.0,614669248,2014-09-15
2014,house,CA,38,12.0,614669248,2014-09-15
2014,house,CA,39,-5.0,614669248,2014-09-15
2014,house,CA,40,29.0,614669248,2014-09-15
2014,house,CA,41,9.0,614669248,2014-09-15
2014,house,CA,42,-10.0,614669248,2014-09-15
2014,house,CA,43,26.0,614669248,2014-09-15
2014,house,CA,44,32.0,614669248,2014-09-15
2014,house,CA,45,-7.0,614669248,2014-09-15
2014,house,CA,46,9.0,614669248,2014-09-15
2014,house,CA,47,8.0,614669248,2014-09-15
2014,house,CA,48,-7.0,614669248,2014-09-15
2014,house,CA,49,-4.0,614669248,2014-09-15
2014,house,CA,50,-14.0,614669248,2014-09-15
2014,house,CA,51,16.0,614669248,2014-09-15
2014,house,CA,52,2.0,614669248,2014-09-15
2014,house,CA,53,10.0,614669248,2014-09-15
2014,house,CO,1,18.0,614669248,2014-09-15
2014,house,CO,2,8.0,614669248,2014-09-15
2014,house,CO,3,-5.0,614669248,2014-09-15
2014,house,CO,4,-11.0,614669248,2014-09-15
2014,house,CO,5,-13.0,614669248,2014-09-15
2014,house,CO,6,1.0,614669248,2014-09-15
2014,house,CO,7,5.0,614669248,2014-09-15
2014,house,CT,1,13.0,614669248,2014-09-15
2014,house,CT,2,5.0,614669248,2014-09-15
2014,house,CT,3,11.0,614669248,2014-09-15
2014,house,CT,4,5.0,614669248,2014-09-15
2014,house,CT,5,3.0,614669248,2014-09-15
2014,house,DE,1,8.0,614669248,2014-09-15
2014,house,FL,1,-21.0,614669248,2014-09-15
2014,house,FL,2,-6.0,614669248,2014-09-15
2014,house,FL,3,-14.0,614669248,2014-09-15
2014,house,FL,4,-19.0,614669248,2014-09-15
2014,house,FL,5,21.0,614669248,2014-09-15
2014,house,FL,6,-9.0,614669248,2014-09-15
2014,house,FL,7,-4.0,614669248,2014-09-15
2014,house,FL,8,-9.0,614669248,2014-09-15
2014,house,FL,9,8.0,614669248,2014-09-15
2014,house,FL,10,-6.0,614669248,2014-09-15
2014,house,FL,11,-11.0,614669248,2014-09-15
2014,house,FL,12,-7.0,614669248,2014-09-15
2014,house,FL,13,-1.0,614669248,2014-09-15
2014,house,FL,14,13.0,614669248,2014-09-15
2014,house,FL,15,-6.0,614669248,2014-09-15
2014,house,FL,16,-6.0,614669248,2014-09-15
2014,house,FL,17,-10.0,614669248,2014-09-15
2014,house,FL,18,-3.0,614669248,2014-09-15
2014,house,FL,19,-12.0,614669248,2014-09-15
2014,house,FL,20,29.0,614669248,2014-09-15
2014,house,FL,21,10.0,614669248,2014-09-15
2014,house,FL,22,3.0,614669248,2014-09-15
2014,house,FL,23,9.0,614669248,2014-09-15
2014,house,FL,24,34.0,614669248,2014-09-15
2014,house,FL,25,-5.0,614669248,2014-09-15
2014,house,FL,26,-1.0,614669248,2014-09-15
2014,house,FL,27,-2.0,614669248,2014-09-15
2014,house,GA,1,-9.0,614669248,2014-09-15
2014,house,GA,2,6.0,614669248,2014-09-15
2014,house,GA,3,-19.0,614669248,2014-09-15
2014,house,GA,4,21.0,614669248,2014-09-15
2014,house,GA,5,32.0,614669248,2014-09-15
2014,house,GA,6,-14.0,614669248,2014-09-15
2014,house,GA,7,-14.0,614669248,2014-09-15
2014,house,GA,8,-15.0,614669248,2014-09-15
2014,house,GA,9,-30.0,614669248,2014-09-15
2014,house,GA,10,-14.0,614669248,2014-09-15
2014,house,GA,11,-19.0,614669248,2014-09-15
2014,house,GA,12,-9.0,614669248,2014-09-15
2014,house,GA,13,16.0,614669248,2014-09-15
2014,house,GA,14,-26.0,614669248,2014-09-15
2014,house,HI,1,18.0,614669248,2014-09-15
2014,house,HI,2,21.0,614669248,2014-09-15
2014,house,IA,1,5.0,614669248,2014-09-15
2014,house,IA,2,4.0,614669248,2014-09-15
2014,house,IA,3,0.0,614669248,2014-09-15
2014,house,IA,4,-5.0,614669248,2014-09-15
2014,house,ID,1,-18.0,614669248,2014-09-15
2014,house,ID,2,-17.0,614669248,2014-09-15
2014,house,IL,1,28.0,614669248,2014-09-15
2014,house,IL,2,29.0,614669248,2014-09-15
2014,house,IL,3,5.0,614669248,2014-09-15
2014,house,IL,4,29.0,614669248,2014-09-15
2014,house,IL,5,16.0,614669248,2014-09-15
2014,house,IL,6,-4.0,614669248,2014-09-15
2014,house,IL,7,36.0,614669248,2014-09-15
2014,house,IL,8,8.0,614669248,2014-09-15
2014,house,IL,9,15.0,614669248,2014-09-15
2014,house,IL,10,8.0,614669248,2014-09-15
2014,house,IL,11,8.0,614669248,2014-09-15
2014,house,IL,12,0.0,614669248,2014-09-15
2014,house,IL,13,0.0,614669248,2014-09-15
2014,house,IL,14,-5.0,614669248,2014-09-15
2014,house,IL,15,-14.0,614669248,2014-09-15
2014,house,IL,16,-4.0,614669248,2014-09-15
2014,house,IL,17,7.0,614669248,2014-09-15
2014,house,IL,18,-11.0,614669248,2014-09-15
2014,house,IN,1,10.0,614669248,2014-09-15
2014,house,IN,2,-6.0,614669248,2014-09-15
2014,house,IN,3,-13.0,614669248,2014-09-15
2014,house,IN,4,-11.0,614669248,2014-09-15
2014,house,IN,5,-9.0,614669248,2014-09-15
2014,house,IN,6,-12.0,614669248,2014-09-15
2014,house,IN,7,13.0,614669248,2014-09-15
2014,house,IN,8,-8.0,614669248,2014-09-15
2014,house,IN,9,-9.0,614669248,2014-09-15
2014,house,KS,1,-23.0,614669248,2014-09-15
2014,house,KS,2,-8.0,614669248,2014-09-15
2014,house,KS,3,-6.0,614669248,2014-09-15
2014,house,KS,4,-14.0,614669248,2014-09-15
2014,house,KY,1,-18.0,614669248,2014-09-15
2014,house,KY,2,-16.0,614669248,2014-09-15
2014,house,KY,3,4.0,614669248,2014-09-15
2014,house,KY,4,-16.0,614669248,2014-09-15
2014,house,KY,5,-25.0,614669248,2014-09-15
2014,house,KY,6,-9.0,614669248,2014-09-15
2014,house,LA,1,-26.0,614669248,2014-09-15
2014,house,LA,2,23.0,614669248,2014-09-15
2014,house,LA,3,-19.0,614669248,2014-09-15
2014,house,LA,4,-13.0,614669248,2014-09-15
2014,house,LA,5,-15.0,614669248,2014-09-15
2014,house,LA,6,-21.0,614669248,2014-09-15
2014,house,MA,1,13.0,614669248,2014-09-15
2014,house,MA,2,8.0,614669248,2014-09-15
2014,house,MA,3,6.0,614669248,2014-09-15
2014,house,MA,4,6.0,614669248,2014-09-15
2014,house,MA,5,14.0,614669248,2014-09-15
2014,house,MA,6,4.0,614669248,2014-09-15
2014,house,MA,7,31.0,614669248,2014-09-15
2014,house,MA,8,6.0,614669248,2014-09-15
2014,house,MA,9,5.0,614669248,2014-09-15
2014,house,MD,1,-14.0,614669248,2014-09-15
2014,house,MD,2,10.0,614669248,2014-09-15
2014,house,MD,3,9.0,614669248,2014-09-15
2014,house,MD,4,26.0,614669248,2014-09-15
2014,house,MD,5,14.0,614669248,2014-09-15
2014,house,MD,6,4.0,614669248,2014-09-15
2014,house,MD,7,24.0,614669248,2014-09-15
2014,house,MD,8,11.0,614669248,2014-09-15
2014,house,ME,1,9.0,614669248,2014-09-15
2014,house,ME,2,2.0,614669248,2014-09-15
2014,house,MI,1,-5.0,614669248,2014-09-15
2014,house,MI,2,-7.0,614669248,2014-09-15
2014,house,MI,3,-4.0,614669248,2014-09-15
2014,house,MI,4,-5.0,614669248,2014-09-15
2014,house,MI,5,10.0,614669248,2014-09-15
2014,house,MI,6,-1.0,614669248,2014-09-15
2014,house,MI,7,-3.0,614669248,2014-09-15
2014,house,MI,8,-2.0,614669248,2014-09-15
2014,house,MI,9,6.0,614669248,2014-09-15
2014,house,MI,10,-6.0,614669248,2014-09-15
2014,house,MI,11,-4.0,614669248,2014-09-15
2014,house,MI,12,15.0,614669248,2014-09-15
2014,house,MI,13,34.0,614669248,2014-09-15
2014,house,MI,14,29.0,614669248,2014-09-15
2014,house,MN,1,-1.0,614669248,2014-09-15
2014,house,MN,2,-2.0,614669248,2014-09-15
2014,house,MN,3,-2.0,614669248,2014-09-15
2014,house,MN,4,11.0,614669248,2014-09-15
2014,house,MN,5,22.0,614669248,2014-09-15
2014,house,MN,6,-10.0,614669248,2014-09-15
2014,house,MN,7,-6.0,614669248,2014-09-15
2014,house,MN,8,1.0,614669248,2014-09-15
2014,house,MO,1,28.0,614669248,2014-09-15
2014,house,MO,2,-8.0,614669248,2014-09-15
2014,house,MO,3,-13.0,614669248,2014-09-15
2014,house,MO,4,-13.0,614669248,2014-09-15
2014,house,MO,5,9.0,614669248,2014-09-15
2014,house,MO,6,-12.0,614669248,2014-09-15
2014,house,MO,7,-19.0,614669248,2014-09-15
2014,house,MO,8,-17.0,614669248,2014-09-15
2014,house,MS,1,-16.0,614669248,2014-09-15
2014,house,MS,2,13.0,614669248,2014-09-15
2014,house,MS,3,-14.0,614669248,2014-09-15
2014,house,MS,4,-21.0,614669248,2014-09-15
2014,house,MT,1,-7.0,614669248,2014-09-15
2014,house,NC,1,19.0,614669248,2014-09-15
2014,house,NC,2,-10.0,614669248,2014-09-15
2014,house,NC,3,-11.0,614669248,2014-09-15
2014,house,NC,4,20.0,614669248,2014-09-15
2014,house,NC,5,-11.0,614669248,2014-09-15
2014,house,NC,6,-10.0,614669248,2014-09-15
2014,house,NC,7,-12.0,614669248,2014-09-15
2014,house,NC,8,-11.0,614669248,2014-09-15
2014,house,NC,9,-8.0,614669248,2014-09-15
2014,house,NC,10,-11.0,614669248,2014-09-15
2014,house,NC,11,-13.0,614669248,2014-09-15
2014,house,NC,12,26.0,614669248,2014-09-15
2014,house,NC,13,-8.0,614669248,2014-09-15
2014,house,ND,1,-10.0,614669248,2014-09-15
2014,house,NE,1,-10.0,614669248,2014-09-15
2014,house,NE,2,-4.0,614669248,2014-09-15
2014,house,NE,3,-23.0,614669248,2014-09-15
2014,house,NH,1,-1.0,614669248,2014-09-15
2014,house,NH,2,3.0,614669248,2014-09-15
2014,house,NJ,1,13.0,614669248,2014-09-15
2014,house,NJ,2,1.0,614669248,2014-09-15
2014,house,NJ,3,-1.0,614669248,2014-09-15
2014,house,NJ,4,-7.0,614669248,2014-09-15
2014,house,NJ,5,-4.0,614669248,2014-09-15
2014,house,NJ,6,8.0,614669248,2014-09-15
2014,house,NJ,7,-6.0,614669248,2014-09-15
2014,house,NJ,8,24.0,614669248,2014-09-15
2014,house,NJ,9,14.0,614669248,2014-09-15
2014,house,NJ,10,34.0,614669248,2014-09-15
2014,house,NJ,11,-6.0,614669248,2014-09-15
2014,house,NJ,12,14.0,614669248,2014-09-15
2014,house,NM,1,7.0,614669248,2014-09-15
2014,house,NM,2,-5.0,614669248,2014-09-15
2014,house,NM,3,8.0,614669248,2014-09-15
2014,house,NV,1,14.0,614669248,2014-09-15
2014,house,NV,2,-5.0,614669248,2014-09-15
2014,house,NV,3,0.0,614669248,2014-09-15
2014,house,NV,4,4.0,614669248,2014-09-15
2014,house,NY,1,-2.0,614669248,2014-09-15
2014,house,NY,2,-1.0,614669248,2014-09-15
2014,house,NY,3,0.0,614669248,2014-09-15
2014,house,NY,4,3.0,614669248,2014-09-15
2014,house,NY,5,35.0,614669248,2014-09-15
2014,house,NY,6,13.0,614669248,2014-09-15
2014,house,NY,7,34.0,614669248,2014-09-15
2014,house,NY,8,35.0,614669248,2014-09-15
2014,house,NY,9,32.0,614669248,2014-09-15
2014,house,NY,10,23.0,614669248,2014-09-15
2014,house,NY,11,-2.0,614669248,2014-09-15
2014,house,NY,12,27.0,614669248,2014-09-15
2014,house,NY,13,42.0,614669248,2014-09-15
2014,house,NY,14,26.0,614669248,2014-09-15
2014,house,NY,15,-13.0,614669248,2014-09-15
2014,house,NY,16,21.0,614669248,2014-09-15
2014,house,NY,17,5.0,614669248,2014-09-15
2014,house,NY,18,0.0,614669248,2014-09-15
2014,house,NY,19,1.0,614669248,2014-09-15
2014,house,NY,20,7.0,614669248,2014-09-15
2014,house,NY,21,0.0,614669248,2014-09-15
2014,house,NY,22,-3.0,614669248,2014-09-15
2014,house,NY,23,-3.0,614669248,2014-09-15
2014,house,NY,24,5.0,614669248,2014-09-15
2014,house,NY,25,7.0,614669248,2014-09-15
2014,house,NY,26,12.0,614669248,2014-09-15
2014,house,NY,27,-8.0,614669248,2014-09-15
2014,house,OH,1,-6.0,614669248,2014-09-15
2014,house,OH,2,-8.0,614669248,2014-09-15
2014,house,OH,3,17.0,614669248,2014-09-15
2014,house,OH,4,-9.0,614669248,2014-09-15
2014,house,OH,5,-7.0,614669248,2014-09-15
2014,house,OH,6,-8.0,614669248,2014-09-15
2014,house,OH,7,-6.0,614669248,2014-09-15
2014,house,OH,8,-15.0,614669248,2014-09-15
2014,house,OH,9,15.0,614669248,2014-09-15
2014,house,OH,10,-3.0,614669248,2014-09-15
2014,house,OH,11,30.0,614669248,2014-09-15
2014,house,OH,12,-8.0,614669248,2014-09-15
2014,house,OH,13,11.0,614669248,2014-09-15
2014,house,OH,14,-4.0,614669248,2014-09-15
2014,house,OH,15,-6.0,614669248,2014-09-15
2014,house,OH,16,-6.0,614669248,2014-09-15
2014,house,OK,1,-18.0,614669248,2014-09-15
2014,house,OK,2,-20.0,614669248,2014-09-15
2014,house,OK,3,-26.0,614669248,2014-09-15
2014,house,OK,4,-19.0,614669248,2014-09-15
2014,house,OK,5,-12.0,614669248,2014-09-15
2014,house,OR,1,7.0,614669248,2014-09-15
2014,house,OR,2,-10.0,614669248,2014-09-15
2014,house,OR,3,22.0,614669248,2014-09-15
2014,house,OR,4,2.0,614669248,2014-09-15
2014,house,OR,5,0.0,614669248,2014-09-15
2014,house,PA,1,28.0,614669248,2014-09-15
2014,house,PA,2,38.0,614669248,2014-09-15
2014,house,PA,3,-8.0,614669248,2014-09-15
2014,house,PA,4,-9.0,614669248,2014-09-15
2014,house,PA,5,-8.0,614669248,2014-09-15
2014,house,PA,6,-2.0,614669248,2014-09-15
2014,house,PA,7,-2.0,614669248,2014-09-15
2014,house,PA,8,-1.0,614669248,2014-09-15
2014,house,PA,9,-14.0,614669248,2014-09-15
2014,house,PA,10,-12.0,614669248,2014-09-15
2014,house,PA,11,-6.0,614669248,2014-09-15
2014,house,PA,12,-9.0,614669248,2014-09-15
2014,house,PA,13,13.0,614669248,2014-09-15
2014,house,PA,14,15.0,614669248,2014-09-15
2014,house,PA,15,-2.0,614669248,2014-09-15
2014,house,PA,16,-4.0,614669248,2014-09-15
2014,house,PA,17,4.0,614669248,2014-09-15
2014,house,PA,18,-10.0,614669248,2014-09-15
2014,house,RI,1,15.0,614669248,2014-09-15
2014,house,RI,2,8.0,614669248,2014-09-15
2014,house,SC,1,-11.0,614669248,2014-09-15
2014,house,SC,2,-16.0,614669248,2014-09-15
2014,house,SC,3,-18.0,614669248,2014-09-15
2014,house,SC,4,-15.0,614669248,2014-09-15
2014,house,SC,5,-9.0,614669248,2014-09-15
2014,house,SC,6,21.0,614669248,2014-09-15
2014,house,SC,7,-7.0,614669248,2014-09-15
2014,house,SD,1,-10.0,614669248,2014-09-15
2014,house,TN,1,-25.0,614669248,2014-09-15
2014,house,TN,2,-20.0,614669248,2014-09-15
2014,house,TN,3,-16.0,614669248,2014-09-15
2014,house,TN,4,-18.0,614669248,2014-09-15
2014,house,TN,5,5.0,614669248,2014-09-15
2014,house,TN,6,-21.0,614669248,2014-09-15
2014,house,TN,7,-18.0,614669248,2014-09-15
2014,house,TN,8,-19.0,614669248,2014-09-15
2014,house,TN,9,25.0,614669248,2014-09-15
2014,house,TX,1,-24.0,614669248,2014-09-15
2014,house,TX,2,-16.0,614669248,2014-09-15
2014,house,TX,3,-17.0,614669248,2014-09-15
2014,house,TX,4,-25.0,614669248,2014-09-15
2014,house,TX,5,-17.0,614669248,2014-09-15
2014,house,TX,6,-11.0,614669248,2014-09-15
2014,house,TX,7,-13.0,614669248,2014-09-15
2014,house,TX,8,-29.0,614669248,2014-09-15
2014,house,TX,9,25.0,614669248,2014-09-15
2014,house,TX,10,-11.0,614669248,2014-09-15
2014,house,TX,11,-31.0,614669248,2014-09-15
2014,house,TX,12,-19.0,614669248,2014-09-15
2014,house,TX,13,-32.0,614669248,2014-09-15
2014,house,TX,14,-12.0,614669248,2014-09-15
2014,house,TX,15,5.0,614669248,2014-09-15
2014,house,TX,16,12.0,614669248,2014-09-15
2014,house,TX,17,-13.0,614669248,2014-09-15
2014,house,TX,18,24.0,614669248,2014-09-15
2014,house,TX,19,-26.0,614669248,2014-09-15
2014,house,TX,20,6.0,614669248,2014-09-15
2014,house,TX,21,-12.0,614669248,2014-09-15
2014,house,TX,22,-15.0,614669248,2014-09-15
2014,house,TX,23,-3.0,614669248,2014-09-15
2014,house,TX,24,-13.0,614669248,2014-09-15
2014,house,TX,25,-12.0,614669248,2014-09-15
2014,house,TX,26,-20.0,614669248,2014-09-15
2014,house,TX,27,-13.0,614669248,2014-09-15
2014,house,TX,28,7.0,614669248,2014-09-15
2014,house,TX,29,12.0,614669248,2014-09-15
2014,house,TX,30,27.0,614669248,2014-09-15
2014,house,TX,31,-12.0,614669248,2014-09-15
2014,house,TX,32,-10.0,614669248,2014-09-15
2014,house,TX,33,18.0,614669248,2014-09-15
2014,house,TX,34,8.0,614669248,2014-09-15
2014,house,TX,35,11.0,614669248,2014-09-15
2014,house,TX,36,-25.0,614669248,2014-09-15
2014,house,UT,1,-27.0,614669248,2014-09-15
2014,house,UT,2,-18.0,614669248,2014-09-15
2014,house,UT,3,-28.0,614669248,2014-09-15
2014,house,UT,4,-16.0,614669248,2014-09-15
2014,house,VA,1,-6.0,614669248,2014-09-15
2014,house,VA,2,-2.0,614669248,2014-09-15
2014,house,VA,3,27.0,614669248,2014-09-15
2014,house,VA,4,-4.0,614669248,2014-09-15
2014,house,VA,5,-5.0,614669248,2014-09-15
2014,house,VA,6,-12.0,614669248,2014-09-15
2014,house,VA,7,-10.0,614669248,2014-09-15
2014,house,VA,8,16.0,614669248,2014-09-15
2014,house,VA,9,-15.0,614669248,2014-09-15
2014,house,VA,10,-2.0,614669248,2014-09-15
2014,house,VA,11,10.0,614669248,2014-09-15
2014,house,VT,1,16.0,614669248,2014-09-15
2014,house,WA,1,4.0,614669248,2014-09-15
2014,house,WA,2,8.0,614669248,2014-09-15
2014,house,WA,3,-2.0,614669248,2014-09-15
2014,house,WA,4,-13.0,614669248,2014-09-15
2014,house,WA,5,-7.0,614669248,2014-09-15
2014,house,WA,6,5.0,614669248,2014-09-15
2014,house,WA,7,29.0,614669248,2014-09-15
2014,house,WA,8,-1.0,614669248,2014-09-15
2014,house,WA,9,17.0,614669248,2014-09-15
2014,house,WA,10,5.0,614669248,2014-09-15
2014,house,WI,1,-3.0,614669248,2014-09-15
2014,house,WI,2,17.0,614669248,2014-09-15
2014,house,WI,3,5.0,614669248,2014-09-15
2014,house,WI,4,23.0,614669248,2014-09-15
2014,house,WI,5,-13.0,614669248,2014-09-15
2014,house,WI,6,-5.0,614669248,2014-09-15
2014,house,WI,7,-2.0,614669248,2014-09-15
2014,house,WI,8,-2.0,614669248,2014-09-15
2014,house,WV,1,-14.0,614669248,2014-09-15
2014,house,WV,2,-11.0,614669248,2014-09-15
2014,house,WV,3,-14.0,614669248,2014-09-15
2014,house,WY,1,-22.0,614669248,2014-09-15
2014,state,AK,,-12.0,614669248,2014-09-15
2014,state,AL,,-14.0,614669248,2014-09-15
2014,state,AR,,-14.0,614669248,2014-09-15
2014,state,AZ,,-7.0,614669248,2014-09-15
2014,state,CA,,9.0,614669248,2014-09-15
2014,state,CO,,1.0,614669248,2014-09-15
2014,state,CT,,7.0,614669248,2014-09-15
2014,state,DE,,8.0,614669248,2014-09-15
2014,state,FL,,-2.0,614669248,2014-09-15
2014,state,GA,,-6.0,614669248,2014-09-15
2014,state,HI,,20.0,614669248,2014-09-15
2014,state,IA,,1.0,614669248,2014-09-15
2014,state,ID,,-18.0,614669248,2014-09-15
2014,state,IL,,8.0,614669248,2014-09-15
2014,state,IN,,-5.0,614669248,2014-09-15
2014,state,KS,,-12.0,614669248,2014-09-15
2014,state,KY,,-13.0,614669248,2014-09-15
2014,state,LA,,-12.0,614669248,2014-09-15
2014,state,MA,,10.0,614669248,2014-09-15
2014,state,MD,,10.0,614669248,2014-09-15
2014,state,ME,,6.0,614669248,2014-09-15
2014,state,MI,,4.0,614669248,2014-09-15
2014,state,MN,,2.0,614669248,2014-09-15
2014,state,MO,,-5.0,614669248,2014-09-15
2014,state,MS,,-9.0,614669248,2014-09-15
2014,state,MT,,-7.0,614669248,2014-09-15
2014,state,NC,,-3.0,614669248,2014-09-15
2014,state,ND,,-10.0,614669248,2014-09-15
2014,state,NE,,-12.0,614669248,2014-09-15
2014,state,NH,,1.0,614669248,2014-09-15
2014,state,NJ,,6.0,614669248,2014-09-15
2014,state,NM,,4.0,614669248,2014-09-15
2014,state,NV,,2.0,614669248,2014-09-15
2014,state,NY,,11.0,614669248,2014-09-15
2014,state,OH,,-1.0,614669248,2014-09-15
2014,state,OK,,-19.0,614669248,2014-09-15
2014,state,OR,,5.0,614669248,2014-09-15
2014,state,PA,,1.0,614669248,2014-09-15
2014,state,RI,,11.0,614669248,2014-09-15
2014,state,SC,,-8.0,614669248,2014-09-15
2014,state,SD,,-10.0,614669248,2014-09-15
2014,state,TN,,-12.0,614669248,2014-09-15
2014,state,TX,,-10.0,614669248,2014-09-15
2014,state,UT,,-22.0,614669248,2014-09-15
2014,state,VA,,0.0,614669248,2014-09-15
2014,state,VT,,16.0,614669248,2014-09-15
2014,state,WA,,5.0,614669248,2014-09-15
2014,state,WI,,2.0,614669248,2014-09-15
2014,state,WV,,-13.0,614669248,2014-09-15
2014,state,WY,,-22.0,614669248,2014-09-15
2016,house,AK,1,-12.0,734202433,2016-09-15
2016,house,AL,1,-15.0,734202433,2016-09-15
2016,house,AL,2,-17.0,734202433,2016-09-15
2016,house,AL,3,-16.0,734202433,2016-09-15
2016,house,AL,4,-28.0,734202433,2016-09-15
2016,house,AL,5,-17.0,734202433,2016-09-15
2016,house,AL,6,-28.0,734202433,2016-09-15
2016,house,AL,7,20.0,734202433,2016-09-15
2016,house,AR,1,-14.0,734202433,2016-09-15
2016,house,AR,2,-8.0,734202433,2016-09-15
2016,house,AR,3,-19.0,734202433,2016-09-15
2016,house,AR,4,-15.0,734202433,2016-09-15
2016,house,AZ,1,-4.0,734202433,2016-09-15
2016,house,AZ,2,-3.0,734202433,2016-09-15
2016,house,AZ,3,8.0,734202433,2016-09-15
2016,house,AZ,4,-20.0,734202433,2016-09-15
2016,house,AZ,5,-17.0,734202433,2016-09-15
2016,house,AZ,6,-12.0,734202433,2016-09-15
2016,house,AZ,7,16.0,734202433,2016-09-15
2016,house,AZ,8,-15.0,734202433,2016-09-15
2016,house,AZ,9,-1.0,734202433,2016-09-15
2016,house,CA,1,-10.0,734202433,2016-09-15
2016,house,CA,2,20.0,734202433,2016-09-15
2016,house,CA,3,3.0,734202433,2016-09-15
2016,house,CA,4,-10.0,734202433,2016-09-15
2016,house,CA,5,19.0,734202433,2016-09-15
2016,house,CA,6,18.0,734202433,2016-09-15
2016,house,CA,7,0.0,734202433,2016-09-15
2016,house,CA,8,-10.0,734202433,2016-09-15
2016,house,CA,9,6.0,734202433,2016-09-15
2016,house,CA,10,-1.0,734202433,2016-09-15
2016,house,CA,11,17.0,734202433,2016-09-15
2016,house,CA,12,34.0,734202433,2016-09-15
2016,house,CA,13,37.0,734202433,2016-09-15
2016,house,CA,14,23.0,734202433,2016-09-15
2016,house,CA,15,16.0,734202433,2016-09-15
2016,house,CA,16,7.0,734202433,2016-09-15
2016,house,CA,17,20.0,734202433,2016-09-15
2016,house,CA,18,18.0,734202433,2016-09-15
2016,house,CA,19,19.0,734202433,2016-09-15
2016,house,CA,20,21.0,734202433,2016-09-15
2016,house,CA,21,2.0,734202433,2016-09-15
2016,house,CA,22,-10.0,734202433,2016-09-15
2016,house,CA,23,-16.0,734202433,2016-09-15
2016,house,CA,24,4.0,734202433,2016-09-15
2016,house,CA,25,-3.0,734202433,2016-09-15
2016,house,CA,26,4.0,734202433,2016-09-15
2016,house,CA,27,11.0,734202433,2016-09-15
2016,house,CA,28,20.0,734202433,2016-09-15
2016,house,CA,29,25.0,734202433,2016-09-15
2016,house,CA,30,14.0,734202433,2016-09-15
2016,house,CA,31,5.0,734202433,2016-09-15
2016,house,CA,32,12.0,734202433,2016-09-15
2016,house,CA,33,11.0,734202433,2016-09-15
2016,house,CA,34,30.0,734202433,2016-09-15
2016,house,CA,35,15.0,734202433,2016-09-15
2016,house,CA,36,-1.0,734202433,2016-09-15
2016,house,CA,37,34.0,734202433,2016-09-15
2016,house,CA,38,12.0,734202433,2016-09-15
2016,house,CA,39,-5.0,734202433,2016-09-15
2016,house,CA,40,29.0,734202433,2016-09-15
2016,house,CA,41,9.0,734202433,2016-09-15
2016,house,CA,42,-10.0,734202433,2016-09-15
2016,house,CA,43,26.0,734202433,2016-09-15
2016,house,CA,44,32.0,734202433,2016-09-15
2016,house,CA,45,-7.0,734202433,2016-09-15
2016,house,CA,46,9.0,734202433,2016-09-15
2016,house,CA,47,8.0,734202433,2016-09-15
2016,house,CA,48,-7.0,734202433,2016-09-15
2016,house,CA,49,-4.0,734202433,2016-09-15
2016,house,CA,50,-14.0,734202433,2016-09-15
2016,house,CA,51,16.0,734202433,2016-09-15
2016,house,CA,52,2.0,734202433,2016-09-15
2016,house,CA,53,10.0,734202433,2016-09-15
2016,house,CO,1,18.0,734202433,2016-09-15
2016,house,CO,2,8.0,734202433,2016-09-15
2016,house,CO,3,-5.0,734202433,2016-09-15
2016,house,CO,4,-11.0,734202433,2016-09-15
2016,house,CO,5,-13.0,734202433,2016-09-15
2016,house,CO,6,1.0,734202433,2016-09-15
2016,house,CO,7,5.0,734202433,2016-09-15
2016,house,CT,1,13.0,734202433,2016-09-15
2016,house,CT,2,5.0,734202433,2016-09-15
2016,house,CT,3,11.0,734202433,2016-09-15
2016,house,CT,4,5.0,734202433,2016-09-15
2016,house,CT,5,3.0,734202433,2016-09-15
2016,house,DE,1,8.0,734202433,2016-09-15
2016,house,FL,1,-21.0,734202433,2016-09-15
2016,house,FL,2,-6.0,734202433,2016-09-15
2016,house,FL,3,-14.0,734202433,2016-09-15
2016,house,FL,4,-19.0,734202433,2016-09-15
2016,house,FL,5,21.0,734202433,2016-09-15
2016,house,FL,6,-9.0,734202433,2016-09-15
2016,house,FL,7,-4.0,734202433,2016-09-15
2016,house,FL,8,-9.0,734202433,2016-09-15
2016,house,FL,9,8.0,734202433,2016-09-15
2016,house,FL,10,-6.0,734202433,2016-09-15
2016,house,FL,11,-11.0,734202433,2016-09-15
2016,house,FL,12,-7.0,734202433,2016-09-15
2016,house,FL,13,-1.0,734202433,2016-09-15
2016,house,FL,14,13.0,734202433,2016-09-15
2016,house,FL,15,-6.0,734202433,2016-09-15
2016,house,FL,16,-6.0,734202433,2016-09-15
2016,house,FL,17,-10.0,734202433,2016-09-15
2016,house,FL,18,-3.0,734202433,2016-09-15
2016,house,FL,19,-12.0,734202433,2016-09-15
2016,house,FL,20,29.0,734202433,2016-09-15
2016,house,FL,21,10.0,734202433,2016-09-15
2016,house,FL,22,3.0,734202433,2016-09-15
2016,house,FL,23,9.0,734202433,2016-09-15
2016,house,FL,24,34.0,734202433,2016-09-15
2016,house,FL,25,-5.0,734202433,2016-09-15
2016,house,FL,26,-1.0,734202433,2016-09-15
2016,house,FL,27,-2.0,734202433,2016-09-15
2016,house,GA,1,-9.0,734202433,2016-09-15
2016,house,GA,2,6.0,734202433,2016-09-15
2016,house,GA,3,-19.0,734202433,2016-09-15
2016,house,GA,4,21.0,734202433,2016-09-15
2016,house,GA,5,32.0,734202433,2016-09-15
2016,house,GA,6,-14.0,734202433,2016-09-15
2016,house,GA,7,-14.0,734202433,2016-09-15
2016,house,GA,8,-15.0,734202433,2016-09-15
2016,house,GA,9,-30.0,734202433,2016-09-15
2016,house,GA,10,-14.0,734202433,2016-09-15
2016,house,GA,11,-19.0,734202433,2016-09-15
2016,house,GA,12,-9.0,734202433,2016-09-15
2016,house,GA,13,16.0,734202433,2016-09-15
2016,house,GA,14,-26.0,734202433,2016-09-15
2016,house,HI,1,18.0,734202433,2016-09-15
2016,house,HI,2,21.0,734202433,2016-09-15
2016,house,IA,1,5.0,734202433,2016-09-15
2016,house,IA,2,4.0,734202433,2016-09-15
2016,house,IA,3,0.0,734202433,2016-09-15
2016,house,IA,4,-5.0,734202433,2016-09-15
2016,house,ID,1,-18.0,734202433,2016-09-15
2016,house,ID,2,-17.0,734202433,2016-09-15
2016,house,IL,1,28.0,734202433,2016-09-15
2016,house,IL,2,29.0,734202433,2016-09-15
2016,house,IL,3,5.0,734202433,2016-09-15
2016,house,IL,4,29.0,734202433,2016-09-15
2016,house,IL,5,16.0,734202433,2016-09-15
2016,house,IL,6,-4.0,734202433,2016-09-15
2016,house,IL,7,36.0,734202433,2016-09-15
2016,house,IL,8,8.0,734202433,2016-09-15
2016,house,IL,9,15.0,734202433,2016-09-15
2016,house,IL,10,8.0,734202433,2016-09-15
2016,house,IL,11,8.0,734202433,2016-09-15
2016,house,IL,12,0.0,734202433,2016-09-15
2016,house,IL,13,0.0,734202433,2016-09-15
2016,house,IL,14,-5.0,734202433,2016-09-15
2016,house,IL,15,-14.0,734202433,2016-09-15
2016,house,IL,16,-4.0,734202433,2016-09-15
2016,house,IL,17,7.0,734202433,2016-09-15
2016,house,IL,18,-11.0,734202433,2016-09-15
2016,house,IN,1,10.0,734202433,2016-09-15
2016,house,IN,2,-6.0,734202433,2016-09-15
2016,house,IN,3,-13.0,734202433,2016-09-15
2016,house,IN,4,-11.0,734202433,2016-09-15
2016,house,IN,5,-9.0,734202433,2016-09-15
2016,house,IN,6,-12.0,734202433,2016-09-15
2016,house,IN,7,13.0,734202433,2016-09-15
2016,house,IN,8,-8.0,734202433,2016-09-15
2016,house,IN,9,-9.0,734202433,2016-09-15
2016,house,KS,1,-23.0,734202433,2016-09-15
2016,house,KS,2,-8.0,734202433,2016-09-15
2016,house,KS,3,-6.0,734202433,2016-09-15
2016,house,KS,4,-14.0,734202433,2016-09-15
2016,house,KY,1,-18.0,734202433,2016-09-15
2016,house,KY,2,-16.0,734202433,2016-09-15
2016,house,KY,3,4.0,734202433,2016-09-15
2016,house,KY,4,-16.0,734202433,2016-09-15
2016,house,KY,5,-25.0,734202433,2016-09-15
2016,house,KY,6,-9.0,734202433,2016-09-15
2016,house,LA,1,-26.0,734202433,2016-09-15
2016,house,LA,2,23.0,734202433,2016-09-15
2016,house,LA,3,-19.0,734202433,2016-09-15
2016,house,LA,4,-13.0,734202433,2016-09-15
2016,house,LA,5,-15.0,734202433,2016-09-15
2016,house,LA,6,-21.0,734202433,2016-09-15
2016,house,MA,1,13.0,734202433,2016-09-15
2016,house,MA,2,8.0,734202433,2016-09-15
2016,house,MA,3,6.0,734202433,2016-09-15
2016,house,MA,4,6.0,734202433,2016-09-15
2016,house,MA,5,14.0,734202433,2016-09-15
2016,house,MA,6,4.0,734202433,2016-09-15
2016,house,MA,7,31.0,734202433,2016-09-15
2016,house,MA,8,6.0,734202433,2016-09-15
2016,house,MA,9,5.0,734202433,2016-09-15
2016,house,MD,1,-14.0,734202433,2016-09-15
2016,house,MD,2,10.0,734202433,2016-09-15
2016,house,MD,3,9.0,734202433,2016-09-15
2016,house,MD,4,26.0,734202433,2016-09-15
2016,house,MD,5,14.0,734202433,2016-09-15
2016,house,MD,6,4.0,734202433,2016-09-15
2016,house,MD,7,24.0,734202433,2016-09-15
2016,house,MD,8,11.0,734202433,2016-09-15
2016,house,ME,1,9.0,734202433,2016-09-15
2016,house,ME,2,2.0,734202433,2016-09-15
2016,house,MI,1,-5.0,734202433,2016-09-15
2016,house,MI,2,-7.0,734202433,2016-09-15
2016,house,MI,3,-4.0,734202433,2016-09-15
2016,house,MI,4,-5.0,734202433,2016-09-15
2016,house,MI,5,10.0,734202433,2016-09-15
2016,house,MI,6,-1.0,734202433,2016-09-15
2016,house,MI,7,-3.0,734202433,2016-09-15
2016,house,MI,8,-2.0,734202433,2016-09-15
2016,house,MI,9,6.0,734202433,2016-09-15
2016,house,MI,10,-6.0,734202433,2016-09-15
2016,house,MI,11,-4.0,734202433,2016-09-15
2016,house,MI,12,15.0,734202433,2016-09-15
2016,house,MI,13,34.0,734202433,2016-09-15
2016,house,MI,14,29.0,734202433,2016-09-15
2016,house,MN,1,-1.0,734202433,2016-09-15
2016,house,MN,2,-2.0,734202433,2016-09-15
2016,house,MN,3,-2.0,734202433,2016-09-15
2016,house,MN,4,11.0,734202433,2016-09-15
2016,house,MN,5,22.0,734202433,2016-09-15
2016,house,MN,6,-10.0,734202433,2016-09-15
2016,house,MN,7,-6.0,734202433,2016-09-15
2016,house,MN,8,1.0,734202433,2016-09-15
2016,house,MO,1,28.0,734202433,2016-09-15
2016,house,MO,2,-8.0,734202433,2016-09-15
2016,house,MO,3,-13.0,734202433,2016-09-15
2016,house,MO,4,-13.0,734202433,2016-09-15
2016,house,MO,5,9.0,734202433,2016-09-15
2016,house,MO,6,-12.0,734202433,2016-09-15
2016,house,MO,7,-19.0,734202433,2016-09-15
2016,house,MO,8,-17.0,734202433,2016-09-15
2016,house,MS,1,-16.0,734202433,2016-09-15
2016,house,MS,2,13.0,734202433,2016-09-15
2016,house,MS,3,-14.0,734202433,2016-09-15
2016,house,MS,4,-21.0,734202433,2016-09-15
2016,house,MT,1,-7.0,734202433,2016-09-15
2016,house,NC,1,19.0,734202433,2016-09-15
2016,house,NC,2,-10.0,734202433,2016-09-15
2016,house,NC,3,-11.0,734202433,2016-09-15
2016,house,NC,4,20.0,734202433,2016-09-15
2016,house,NC,5,-11.0,734202433,2016-09-15
2016,house,NC,6,-10.0,734202433,2016-09-15
2016,house,NC,7,-12.0,734202433,2016-09-15
2016,house,NC,8,-11.0,734202433,2016-09-15
2016,house,NC,9,-8.0,734202433,2016-09-15
2016,house,NC,10,-11.0,734202433,2016-09-15
2016,house,NC,11,-13.0,734202433,2016-09-15
2016,house,NC,12,26.0,734202433,2016-09-15
2016,house,NC,13,-8.0,734202433,2016-09-15
2016,house,ND,1,-10.0,734202433,2016-09-15
2016,house,NE,1,-10.0,734202433,2016-09-15
2016,house,NE,2,-4.0,734202433,2016-09-15
2016,house,NE,3,-23.0,734202433,2016-09-15
2016,house,NH,1,-1.0,734202433,2016-09-15
2016,house,NH,2,3.0,734202433,2016-09-15
2016,house,NJ,1,13.0,734202433,2016-09-15
2016,house,NJ,2,1.0,734202433,2016-09-15
2016,house,NJ,3,-1.0,734202433,2016-09-15
2016,house,NJ,4,-7.0,734202433,2016-09-15
2016,house,NJ,5,-4.0,734202433,2016-09-15
2016,house,NJ,6,8.0,734202433,2016-09-15
2016,house,NJ,7,-6.0,734202433,2016-09-15
2016,house,NJ,8,24.0,734202433,2016-09-15
2016,house,NJ,9,14.0,734202433,2016-09-15
2016,house,NJ,10,34.0,734202433,2016-09-15
2016,house,NJ,11,-6.0,734202433,2016-09-15
2016,house,NJ,12,14.0,734202433,2016-09-15
2016,house,NM,1,7.0,734202433,2016-09-15
2016,house,NM,2,-5.0,734202433,2016-09-15
2016,house,NM,3,8.0,734202433,2016-09-15
2016,house,NV,1,14.0,734202433,2016-09-15
2016,house,NV,2,-5.0,734202433,2016-09-15
2016,house,NV,3,0.0,734202433,2016-09-15
2016,house,NV,4,4.0,734202433,2016-09-15
2016,house,NY,1,-2.0,734202433,2016-09-15
2016,house,NY,2,-1.0,734202433,2016-09-15
2016,house,NY,3,0.0,734202433,2016-09-15
2016,house,NY,4,3.0,734202433,2016-09-15
2016,house,NY,5,35.0,734202433,2016-09-15
2016,house,NY,6,13.0,734202433,2016-09-15
2016,house,NY,7,34.0,734202433,2016-09-15
2016,house,NY,8,35.0,734202433,2016-09-15
2016,house,NY,9,32.0,734202433,2016-09-15
2016,house,NY,10,23.0,734202433,2016-09-15
2016,house,NY,11,-2.0,734202433,2016-09-15
2016,house,NY,12,27.0,734202433,2016-09-15
2016,house,NY,13,42.0,734202433,2016-09-15
2016,house,NY,14,26.0,734202433,2016-09-15
2016,house,NY,15,-13.0,734202433,2016-09-15
2016,house,NY,16,21.0,734202433,2016-09-15
2016,house,NY,17,5.0,734202433,2016-09-15
2016,house,NY,18,0.0,734202433,2016-09-15
2016,house,NY,19,1.0,734202433,2016-09-15
2016,house,NY,20,7.0,734202433,2016-09-15
2016,house,NY,21,0.0,734202433,2016-09-15
2016,house,NY,22,-3.0,734202433,2016-09-15
2016,house,NY,23,-3.0,734202433,2016-09-15
2016,house,NY,24,5.0,734202433,2016-09-15
2016,house,NY,25,7.0,734202433,2016-09-15
2016,house,NY,26,12.0,734202433,2016-09-15
2016,house,NY,27,-8.0,734202433,2016-09-15
2016,house,OH,1,-6.0,734202433,2016-09-15
2016,house,OH,2,-8.0,734202433,2016-09-15
2016,house,OH,3,17.0,734202433,2016-09-15
2016,house,OH,4,-9.0,734202433,2016-09-15
2016,house,OH,5,-7.0,734202433,2016-09-15
2016,house,OH,6,-8.0,734202433,2016-09-15
2016,house,OH,7,-6.0,734202433,2016-09-15
2016,house,OH,8,-15.0,734202433,2016-09-15
2016,house,OH,9,15.0,734202433,2016-09-15
2016,house,OH,10,-3.0,734202433,2016-09-15
2016,house,OH,11,30.0,734202433,2016-09-15
2016,house,OH,12,-8.0,734202433,2016-09-15
2016,house,OH,13,11.0,734202433,2016-09-15
2016,house,OH,14,-4.0,734202433,2016-09-15
2016,house,OH,15,-6.0,734202433,2016-09-15
2016,house,OH,16,-6.0,734202433,2016-09-15
2016,house,OK,1,-18.0,734202433,2016-09-15
2016,house,OK,2,-20.0,734202433,2016-09-15
2016,house,OK,3,-26.0,734202433,2016-09-15
2016,house,OK,4,-19.0,734202433,2016-09-15
2016,house,OK,5,-12.0,734202433,2016-09-15
2016,house,OR,1,7.0,734202433,2016-09-15
2016,house,OR,2,-10.0,734202433,2016-09-15
2016,house,OR,3,22.0,734202433,2016-09-15
2016,house,OR,4,2.0,734202433,2016-09-15
2016,house,OR,5,0.0,734202433,2016-09-15
2016,house,PA,1,28.0,734202433,2016-09-15
2016,house,PA,2,38.0,734202433,2016-09-15
2016,house,PA,3,-8.0,734202433,2016-09-15
2016,house,PA,4,-9.0,734202433,2016-09-15
2016,house,PA,5,-8.0,734202433,2016-09-15
2016,house,PA,6,-2.0,734202433,2016-09-15
2016,house,PA,7,-2.0,734202433,2016-09-15
2016,house,PA,8,-1.0,734202433,2016-09-15
2016,house,PA,9,-14.0,734202433,2016-09-15
2016,house,PA,10,-12.0,734202433,2016-09-15
2016,house,PA,11,-6.0,734202433,2016-09-15
2016,house,PA,12,-9.0,734202433,2016-09-15
2016,house,PA,13,13.0,734202433,2016-09-15
2016,house,PA,14,15.0,734202433,2016-09-15
2016,house,PA,15,-2.0,734202433,2016-09-15
2016,house,PA,16,-4.0,734202433,2016-09-15
2016,house,PA,17,4.0,734202433,2016-09-15
2016,house,PA,18,-10.0,734202433,2016-09-15
2016,house,RI,1,15.0,734202433,2016-09-15
2016,house,RI,2,8.0,734202433,2016-09-15
2016,house,SC,1,-11.0,734202433,2016-09-15
2016,house,SC,2,-16.0,734202433,2016-09-15
2016,house,SC,3,-18.0,734202433,2016-09-15
2016,house,SC,4,-15.0,734202433,2016-09-15
2016,house,SC,5,-9.0,734202433,2016-09-15
2016,house,SC,6,21.0,734202433,2016-09-15
2016,house,SC,7,-7.0,734202433,2016-09-15
2016,house,SD,1,-10.0,734202433,2016-09-15
2016,house,TN,1,-25.0,734202433,2016-09-15
2016,house,TN,2,-20.0,734202433,2016-09-15
2016,house,TN,3,-16.0,734202433,2016-09-15
2016,house,TN,4,-18.0,734202433,2016-09-15
2016,house,TN,5,5.0,734202433,2016-09-15
2016,house,TN,6,-21.0,734202433,2016-09-15
2016,house,TN,7,-18.0,734202433,2016-09-15
2016,house,TN,8,-19.0,734202433,2016-09-15
2016,house,TN,9,25.0,734202433,2016-09-15
2016,house,TX,1,-24.0,734202433,2016-09-15
2016,house,TX,2,-16.0,734202433,2016-09-15
2016,house,TX,3,-17.0,734202433,2016-09-15
2016,house,TX,4,-25.0,734202433,2016-09-15
2016,house,TX,5,-17.0,734202433,2016-09-15
2016,house,TX,6,-11.0,734202433,2016-09-15
2016,house,TX,7,-13.0,734202433,2016-09-15
2016,house,TX,8,-29.0,734202433,2016-09-15
2016,house,TX,9,25.0,734202433,2016-09-15
2016,house,TX,10,-11.0,734202433,2016-09-15
2016,house,TX,11,-31.0,734202433,2016-09-15
2016,house,TX,12,-19.0,734202433,2016-09-15
2016,house,TX,13,-32.0,734202433,2016-09-15
2016,house,TX,14,-12.0,734202433,2016-09-15
2016,house,TX,15,5.0,734202433,2016-09-15
2016,house,TX,16,12.0,734202433,2016-09-15
2016,house,TX,17,-13.0,734202433,2016-09-15
2016,house,TX,18,24.0,734202433,2016-09-15
2016,house,TX,19,-26.0,734202433,2016-09-15
2016,house,TX,20,6.0,734202433,2016-09-15
2016,house,TX,21,-12.0,734202433,2016-09-15
2016,house,TX,22,-15.0,734202433,2016-09-15
2016,house,TX,23,-3.0,734202433,2016-09-15
2016,house,TX,24,-13.0,734202433,2016-09-15
2016,house,TX,25,-12.0,734202433,2016-09-15
2016,house,TX,26,-20.0,734202433,2016-09-15
2016,house,TX,27,-13.0,734202433,2016-09-15
2016,house,TX,28,7.0,734202433,2016-09-15
2016,house,TX,29,12.0,734202433,2016-09-15
2016,house,TX,30,27.0,734202433,2016-09-15
2016,house,TX,31,-12.0,734202433,2016-09-15
2016,house,TX,32,-10.0,734202433,2016-09-15
2016,house,TX,33,18.0,734202433,2016-09-15
2016,house,TX,34,8.0,734202433,2016-09-15
2016,house,TX,35,11.0,734202433,2016-09-15
2016,house,TX,36,-25.0,734202433,2016-09-15
2016,house,UT,1,-27.0,734202433,2016-09-15
2016,house,UT,2,-18.0,734202433,2016-09-15
2016,house,UT,3,-28.0,734202433,2016-09-15
2016,house,UT,4,-16.0,734202433,2016-09-15
2016,house,VA,1,-6.0,734202433,2016-09-15
2016,house,VA,2,-2.0,734202433,2016-09-15
2016,house,VA,3,27.0,734202433,2016-09-15
2016,house,VA,4,-4.0,734202433,2016-09-15
2016,house,VA,5,-5.0,734202433,2016-09-15
2016,house,VA,6,-12.0,734202433,2016-09-15
2016,house,VA,7,-10.0,734202433,2016-09-15
2016,house,VA,8,16.0,734202433,2016-09-15
2016,house,VA,9,-15.0,734202433,2016-09-15
2016,house,VA,10,-2.0,734202433,2016-09-15
2016,house,VA,11,10.0,734202433,2016-09-15
2016,house,VT,1,16.0,734202433,2016-09-15
2016,house,WA,1,4.0,734202433,2016-09-15
2016,house,WA,2,8.0,734202433,2016-09-15
2016,house,WA,3,-2.0,734202433,2016-09-15
2016,house,WA,4,-13.0,734202433,2016-09-15
2016,house,WA,5,-7.0,734202433,2016-09-15
2016,house,WA,6,5.0,734202433,2016-09-15
2016,house,WA,7,29.0,734202433,2016-09-15
2016,house,WA,8,-1.0,734202433,2016-09-15
2016,house,WA,9,17.0,734202433,2016-09-15
2016,house,WA,10,5.0,734202433,2016-09-15
2016,house,WI,1,-3.0,734202433,2016-09-15
2016,house,WI,2,17.0,734202433,2016-09-15
2016,house,WI,3,5.0,734202433,2016-09-15
2016,house,WI,4,23.0,734202433,2016-09-15
2016,house,WI,5,-13.0,734202433,2016-09-15
2016,house,WI,6,-5.0,734202433,2016-09-15
2016,house,WI,7,-2.0,734202433,2016-09-15
2016,house,WI,8,-2.0,734202433,2016-09-15
2016,house,WV,1,-14.0,734202433,2016-09-15
2016,house,WV,2,-11.0,734202433,2016-09-15
2016,house,WV,3,-14.0,734202433,2016-09-15
2016,house,WY,1,-22.0,734202433,2016-09-15
2016,state,AK,,-12.0,734202433,2016-09-15
2016,state,AL,,-14.0,734202433,2016-09-15
2016,state,AR,,-14.0,734202433,2016-09-15
2016,state,AZ,,-7.0,734202433,2016-09-15
2016,state,CA,,9.0,734202433,2016-09-15
2016,state,CO,,1.0,734202433,2016-09-15
2016,state,CT,,7.0,734202433,2016-09-15
2016,state,DE,,8.0,734202433,2016-09-15
2016,state,FL,,-2.0,734202433,2016-09-15
2016,state,GA,,-6.0,734202433,2016-09-15
2016,state,HI,,20.0,734202433,2016-09-15
2016,state,IA,,1.0,734202433,2016-09-15
2016,state,ID,,-18.0,734202433,2016-09-15
2016,state,IL,,8.0,734202433,2016-09-15
2016,state,IN,,-5.0,734202433,2016-09-15
2016,state,KS,,-12.0,734202433,2016-09-15
2016,state,KY,,-13.0,734202433,2016-09-15
2016,state,LA,,-12.0,734202433,2016-09-15
2016,state,MA,,10.0,734202433,2016-09-15
2016,state,MD,,10.0,734202433,2016-09-15
2016,state,ME,,6.0,734202433,2016-09-15
2016,state,MI,,4.0,734202433,2016-09-15
2016,state,MN,,2.0,734202433,2016-09-15
2016,state,MO,,-5.0,734202433,2016-09-15
2016,state,MS,,-9.0,734202433,2016-09-15
2016,state,MT,,-7.0,734202433,2016-09-15
2016,state,NC,,-3.0,734202433,2016-09-15
2016,state,ND,,-10.0,734202433,2016-09-15
2016,state,NE,,-12.0,734202433,2016-09-15
2016,state,NH,,1.0,734202433,2016-09-15
2016,state,NJ,,6.0,734202433,2016-09-15
2016,state,NM,,4.0,734202433,2016-09-15
2016,state,NV,,2.0,734202433,2016-09-15
2016,state,NY,,11.0,734202433,2016-09-15
2016,state,OH,,-1.0,734202433,2016-09-15
2016,state,OK,,-19.0,734202433,2016-09-15
2016,state,OR,,5.0,734202433,2016-09-15
2016,state,PA,,1.0,734202433,2016-09-15
2016,state,RI,,11.0,734202433,2016-09-15
2016,state,SC,,-8.0,734202433,2016-09-15
2016,state,SD,,-10.0,734202433,2016-09-15
2016,state,TN,,-12.0,734202433,2016-09-15
2016,state,TX,,-10.0,734202433,2016-09-15
2016,state,UT,,-22.0,734202433,2016-09-15
2016,state,VA,,0.0,734202433,2016-09-15
2016,state,VT,,16.0,734202433,2016-09-15
2016,state,WA,,5.0,734202433,2016-09-15
2016,state,WI,,2.0,734202433,2016-09-15
2016,state,WV,,-13.0,734202433,2016-09-15
2016,state,WY,,-22.0,734202433,2016-09-15
2018,house,AK,1,-9.0,854068018,2018-09-15
2018,house,AL,1,-15.0,854068018,2018-09-15
2018,house,AL,2,-16.0,854068018,2018-09-15
2018,house,AL,3,-16.0,854068018,2018-09-15
2018,house,AL,4,-30.0,854068018,2018-09-15
2018,house,AL,5,-18.0,854068018,2018-09-15
2018,house,AL,6,-26.0,854068018,2018-09-15
2018,house,AL,7,20.0,854068018,2018-09-15
2018,house,AR,1,-17.0,854068018,2018-09-15
2018,house,AR,2,-7.0,854068018,2018-09-15
2018,house,AR,3,-19.0,854068018,2018-09-15
2018,house,AR,4,-17.0,854068018,2018-09-15
2018,house,AZ,1,-2.0,854068018,2018-09-15
2018,house,AZ,2,-1.0,854068018,2018-09-15
2018,house,AZ,3,13.0,854068018,2018-09-15
2018,house,AZ,4,-21.0,854068018,2018-09-15
2018,house,AZ,5,-15.0,854068018,2018-09-15
2018,house,AZ,6,-9.0,854068018,2018-09-15
2018,house,AZ,7,23.0,854068018,2018-09-15
2018,house,AZ,8,-13.0,854068018,2018-09-15
2018,house,AZ,9,4.0,854068018,2018-09-15
2018,house,CA,1,-11.0,854068018,2018-09-15
2018,house,CA,2,22.0,854068018,2018-09-15
2018,house,CA,3,5.0,854068018,2018-09-15
2018,house,CA,4,-10.0,854068018,2018-09-15
2018,house,CA,5,21.0,854068018,2018-09-15
2018,house,CA,6,21.0,854068018,2018-09-15
2018,house,CA,7,3.0,854068018,2018-09-15
2018,house,CA,8,-9.0,854068018,2018-09-15
2018,house,CA,9,8.0,854068018,2018-09-15
2018,house,CA,10,0.0,854068018,2018-09-15
2018,house,CA,11,21.0,854068018,2018-09-15
2018,house,CA,12,37.0,854068018,2018-09-15
2018,house,CA,13,40.0,854068018,2018-09-15
2018,house,CA,14,27.0,854068018,2018-09-15
2018,house,CA,15,20.0,854068018,2018-09-15
2018,house,CA,16,9.0,854068018,2018-09-15
2018,house,CA,17,25.0,854068018,2018-09-15
2018,house,CA,18,23.0,854068018,2018-09-15
2018,house,CA,19,24.0,854068018,2018-09-15
2018,house,CA,20,23.0,854068018,2018-09-15
2018,house,CA,21,5.0,854068018,2018-09-15
2018,house,CA,22,-8.0,854068018,2018-09-15
2018,house,CA,23,-14.0,854068018,2018-09-15
2018,house,CA,24,7.0,854068018,2018-09-15
2018,house,CA,25,0.0,854068018,2018-09-15
2018,house,CA,26,7.0,854068018,2018-09-15
2018,house,CA,27,16.0,854068018,2018-09-15
2018,house,CA,28,23.0,854068018,2018-09-15
2018,house,CA,29,29.0,854068018,2018-09-15
2018,house,CA,30,18.0,854068018,2018-09-15
2018,house,CA,31,8.0,854068018,2018-09-15
2018,house,CA,32,17.0,854068018,2018-09-15
2018,house,CA,33,16.0,854068018,2018-09-15
2018,house,CA,34,35.0,854068018,2018-09-15
2018,house,CA,35,19.0,854068018,2018-09-15
2018,house,CA,36,2.0,854068018,2018-09-15
2018,house,CA,37,37.0,854068018,2018-09-15
2018,house,CA,38,17.0,854068018,2018-09-15
2018,house,CA,39,0.0,854068018,2018-09-15
2018,house,CA,40,33.0,854068018,2018-09-15
2018,house,CA,41,12.0,854068018,2018-09-15
2018,house,CA,42,-9.0,854068018,2018-09-15
2018,house,CA,43,29.0,854068018,2018-09-15
2018,house,CA,44,35.0,854068018,2018-09-15
2018,house,CA,45,-3.0,854068018,2018-09-15
2018,house,CA,46,15.0,854068018,2018-09-15
2018,house,CA,47,13.0,854068018,2018-09-15
2018,house,CA,48,-4.0,854068018,2018-09-15
2018,house,CA,49,-1.0,854068018,2018-09-15
2018,house,CA,50,-11.0,854068018,2018-09-15
2018,house,CA,51,22.0,854068018,2018-09-15
2018,house,CA,52,6.0,854068018,2018-09-15
2018,house,CA,53,14.0,854068018,2018-09-15
2018,house,CO,1,21.0,854068018,2018-09-15
2018,house,CO,2,9.0,854068018,2018-09-15
2018,house,CO,3,-6.0,854068018,2018-09-15
2018,house,CO,4,-13.0,854068018,2018-09-15
2018,house,CO,5,-14.0,854068018,2018-09-15
2018,house,CO,6,2.0,854068018,2018-09-15
2018,house,CO,7,6.0,854068018,2018-09-15
2018,house,CT,1,12.0,854068018,2018-09-15
2018,house,CT,2,3.0,854068018,2018-09-15
2018,house,CT,3,9.0,854068018,2018-09-15
2018,house,CT,4,7.0,854068018,2018-09-15
2018,house,CT,5,2.0,854068018,2018-09-15
2018,house,DE,1,6.0,854068018,2018-09-15
2018,house,FL,1,-22.0,854068018,2018-09-15
2018,house,FL,2,-18.0,854068018,2018-09-15
2018,house,FL,3,-9.0,854068018,2018-09-15
2018,house,FL,4,-17.0,854068018,2018-09-15
2018,house,FL,5,12.0,854068018,2018-09-15
2018,house,FL,6,-7.0,854068018,2018-09-15
2018,house,FL,7,0.0,854068018,2018-09-15
2018,house,FL,8,-11.0,854068018,2018-09-15
2018,house,FL,9,5.0,854068018,2018-09-15
2018,house,FL,10,11.0,854068018,2018-09-15
2018,house,FL,11,-15.0,854068018,2018-09-15
2018,house,FL,12,-8.0,854068018,2018-09-15
2018,house,FL,13,2.0,854068018,2018-09-15
2018,house,FL,14,7.0,854068018,2018-09-15
2018,house,FL,15,-6.0,854068018,2018-09-15
2018,house,FL,16,-7.0,854068018,2018-09-15
2018,house,FL,17,-13.0,854068018,2018-09-15
2018,house,FL,18,-5.0,854068018,2018-09-15
2018,house,FL,19,-13.0,854068018,2018-09-15
2018,house,FL,20,31.0,854068018,2018-09-15
2018,house,FL,21,9.0,854068018,2018-09-15
2018,house,FL,22,6.0,854068018,2018-09-15
2018,house,FL,23,11.0,854068018,2018-09-15
2018,house,FL,24,34.0,854068018,2018-09-15
2018,house,FL,25,-4.0,854068018,2018-09-15
2018,house,FL,26,6.0,854068018,2018-09-15
2018,house,FL,27,5.0,854068018,2018-09-15
2018,house,GA,1,-9.0,854068018,2018-09-15
2018,house,GA,2,6.0,854068018,2018-09-15
2018,house,GA,3,-18.0,854068018,2018-09-15
2018,house,GA,4,24.0,854068018,2018-09-15
2018,house,GA,5,34.0,854068018,2018-09-15
2018,house,GA,6,-8.0,854068018,2018-09-15
2018,house,GA,7,-9.0,854068018,2018-09-15
2018,house,GA,8,-15.0,854068018,2018-09-15
2018,house,GA,9,-31.0,854068018,2018-09-15
2018,house,GA,10,-15.0,854068018,2018-09-15
2018,house,GA,11,-17.0,854068018,2018-09-15
2018,house,GA,12,-9.0,854068018,2018-09-15
2018,house,GA,13,20.0,854068018,2018-09-15
2018,house,GA,14,-27.0,854068018,2018-09-15
2018,house,HI,1,17.0,854068018,2018-09-15
2018,house,HI,2,19.0,854068018,2018-09-15
2018,house,IA,1,1.0,854068018,2018-09-15
2018,house,IA,2,1.0,854068018,2018-09-15
2018,house,IA,3,-1.0,854068018,2018-09-15
2018,house,IA,4,-11.0,854068018,2018-09-15
2018,house,ID,1,-21.0,854068018,2018-09-15
2018,house,ID,2,-17.0,854068018,2018-09-15
2018,house,IL,1,27.0,854068018,2018-09-15
2018,house,IL,2,29.0,854068018,2018-09-15
2018,house,IL,3,6.0,854068018,2018-09-15
2018,house,IL,4,33.0,854068018,2018-09-15
2018,house,IL,5,20.0,854068018,2018-09-15
2018,house,IL,6,-2.0,854068018,2018-09-15
2018,house,IL,7,38.0,854068018,2018-09-15
2018,house,IL,8,8.0,854068018,2018-09-15
2018,house,IL,9,18.0,854068018,2018-09-15
2018,house,IL,10,10.0,854068018,2018-09-15
2018,house,IL,11,9.0,854068018,2018-09-15
2018,house,IL,12,-5.0,854068018,2018-09-15
2018,house,IL,13,-3.0,854068018,2018-09-15
2018,house,IL,14,-5.0,854068018,2018-09-15
2018,house,IL,15,-21.0,854068018,2018-09-15
2018,house,IL,16,-8.0,854068018,2018-09-15
2018,house,IL,17,3.0,854068018,2018-09-15
2018,house,IL,18,-15.0,854068018,2018-09-15
2018,house,IN,1,8.0,854068018,2018-09-15
2018,house,IN,2,-11.0,854068018,2018-09-15
2018,house,IN,3,-18.0,854068018,2018-09-15
2018,house,IN,4,-17.0,854068018,2018-09-15
2018,house,IN,5,-9.0,854068018,2018-09-15
2018,house,IN,6,-18.0,854068018,2018-09-15
2018,house,IN,7,11.0,854068018,2018-09-15
2018,house,IN,8,-15.0,854068018,2018-09-15
2018,house,IN,9,-13.0,854068018,2018-09-15
2018,house,KS,1,-24.0,854068018,2018-09-15
2018,house,KS,2,-10.0,854068018,2018-09-15
2018,house,KS,3,-4.0,854068018,2018-09-15
2018,house,KS,4,-15.0,854068018,2018-09-15
2018,house,KY,1,-23.0,854068018,2018-09-15
2018,house,KY,2,-19.0,854068018,2018-09-15
2018,house,KY,3,6.0,854068018,2018-09-15
2018,house,KY,4,-18.0,854068018,2018-09-15
2018,house,KY,5,-31.0,854068018,2018-09-15
2018,house,KY,6,-9.0,854068018,2018-09-15
2018,house,LA,1,-24.0,854068018,2018-09-15
2018,house,LA,2,25.0,854068018,2018-09-15
2018,house,LA,3,-20.0,854068018,2018-09-15
2018,house,LA,4,-13.0,854068018,2018-09-15
2018,house,LA,5,-15.0,854068018,2018-09-15
2018,house,LA,6,-19.0,854068018,2018-09-15
2018,house,MA,1,12.0,854068018,2018-09-15
2018,house,MA,2,9.0,854068018,2018-09-15
2018,house,MA,3,9.0,854068018,2018-09-15
2018,house,MA,4,9.0,854068018,2018-09-15
2018,house,MA,5,18.0,854068018,2018-09-15
2018,house,MA,6,6.0,854068018,2018-09-15
2018,house,MA,7,34.0,854068018,2018-09-15
2018,house,MA,8,10.0,854068018,2018-09-15
2018,house,MA,9,4.0,854068018,2018-09-15
2018,house,MD,1,-14.0,854068018,2018-09-15
2018,house,MD,2,11.0,854068018,2018-09-15
2018,house,MD,3,13.0,854068018,2018-09-15
2018,house,MD,4,28.0,854068018,2018-09-15
2018,house,MD,5,16.0,854068018,2018-09-15
2018,house,MD,6,6.0,854068018,2018-09-15
2018,house,MD,7,26.0,854068018,2018-09-15
2018,house,MD,8,14.0,854068018,2018-09-15
2018,house,ME,1,8.0,854068018,2018-09-15
2018,house,ME,2,-2.0,854068018,2018-09-15
2018,house,MI,1,-9.0,854068018,2018-09-15
2018,house,MI,2,-9.0,854068018,2018-09-15
2018,house,MI,3,-6.0,854068018,2018-09-15
2018,house,MI,4,-10.0,854068018,2018-09-15
2018,house,MI,5,5.0,854068018,2018-09-15
2018,house,MI,6,-4.0,854068018,2018-09-15
2018,house,MI,7,-7.0,854068018,2018-09-15
2018,house,MI,8,-4.0,854068018,2018-09-15
2018,house,MI,9,4.0,854068018,2018-09-15
2018,house,MI,10,-13.0,854068018,2018-09-15
2018,house,MI,11,-4.0,854068018,2018-09-15
2018,house,MI,12,14.0,854068018,2018-09-15
2018,house,MI,13,33.0,854068018,2018-09-15
2018,house,MI,14,30.0,854068018,2018-09-15
2018,house,MN,1,-5.0,854068018,2018-09-15
2018,house,MN,2,-2.0,854068018,2018-09-15
2018,house,MN,3,1.0,854068018,2018-09-15
2018,house,MN,4,14.0,854068018,2018-09-15
2018,house,MN,5,26.0,854068018,2018-09-15
2018,house,MN,6,-12.0,854068018,2018-09-15
2018,house,MN,7,-12.0,854068018,2018-09-15
2018,house,MN,8,-4.0,854068018,2018-09-15
2018,house,MO,1,29.0,854068018,2018-09-15
2018,house,MO,2,-8.0,854068018,2018-09-15
2018,house,MO,3,-18.0,854068018,2018-09-15
2018,house,MO,4,-17.0,854068018,2018-09-15
2018,house,MO,5,7.0,854068018,2018-09-15
2018,house,MO,6,-16.0,854068018,2018-09-15
2018,house,MO,7,-23.0,854068018,2018-09-15
2018,house,MO,8,-24.0,854068018,2018-09-15
2018,house,MS,1,-16.0,854068018,2018-09-15
2018,house,MS,2,14.0,854068018,2018-09-15
2018,house,MS,3,-13.0,854068018,2018-09-15
2018,house,MS,4,-21.0,854068018,2018-09-15
2018,house,MT,1,-11.0,854068018,2018-09-15
2018,house,NC,1,17.0,854068018,2018-09-15
2018,house,NC,2,-7.0,854068018,2018-09-15
2018,house,NC,3,-12.0,854068018,2018-09-15
2018,house,NC,4,17.0,854068018,2018-09-15
2018,house,NC,5,-10.0,854068018,2018-09-15
2018,house,NC,6,-9.0,854068018,2018-09-15
2018,house,NC,7,-9.0,854068018,2018-09-15
2018,house,NC,8,-8.0,854068018,2018-09-15
2018,house,NC,9,-8.0,854068018,2018-09-15
2018,house,NC,10,-12.0,854068018,2018-09-15
2018,house,NC,11,-14.0,854068018,2018-09-15
2018,house,NC,12,18.0,854068018,2018-09-15
2018,house,NC,13,-6.0,854068018,2018-09-15
2018,house,ND,1,-16.0,854068018,2018-09-15
2018,house,NE,1,-11.0,854068018,2018-09-15
2018,house,NE,2,-4.0,854068018,2018-09-15
2018,house,NE,3,-27.0,854068018,2018-09-15
2018,house,NH,1,-2.0,854068018,2018-09-15
2018,house,NH,2,2.0,854068018,2018-09-15
2018,house,NJ,1,13.0,854068018,2018-09-15
2018,house,NJ,2,-1.0,854068018,2018-09-15
2018,house,NJ,3,-2.0,854068018,2018-09-15
2018,house,NJ,4,-8.0,854068018,2018-09-15
2018,house,NJ,5,-3.0,854068018,2018-09-15
2018,house,NJ,6,9.0,854068018,2018-09-15
2018,house,NJ,7,-3.0,854068018,2018-09-15
2018,house,NJ,8,27.0,854068018,2018-09-15
2018,house,NJ,9,16.0,854068018,2018-09-15
2018,house,NJ,10,36.0,854068018,2018-09-15
2018,house,NJ,11,-3.0,854068018,2018-09-15
2018,house,NJ,12,16.0,854068018,2018-09-15
2018,house,NM,1,7.0,854068018,2018-09-15
2018,house,NM,2,-6.0,854068018,2018-09-15
2018,house,NM,3,8.0,854068018,2018-09-15
2018,house,NV,1,15.0,854068018,2018-09-15
2018,house,NV,2,-7.0,854068018,2018-09-15
2018,house,NV,3,-2.0,854068018,2018-09-15
2018,house,NV,4,3.0,854068018,2018-09-15
2018,house,NY,1,-5.0,854068018,2018-09-15
2018,house,NY,2,-3.0,854068018,2018-09-15
2018,house,NY,3,1.0,854068018,2018-09-15
2018,house,NY,4,4.0,854068018,2018-09-15
2018,house,NY,5,37.0,854068018,2018-09-15
2018,house,NY,6,16.0,854068018,2018-09-15
2018,house,NY,7,38.0,854068018,2018-09-15
2018,house,NY,8,36.0,854068018,2018-09-15
2018,house,NY,9,34.0,854068018,2018-09-15
2018,house,NY,10,26.0,854068018,2018-09-15
2018,house,NY,11,-3.0,854068018,2018-09-15
2018,house,NY,12,31.0,854068018,2018-09-15
2018,house,NY,13,43.0,854068018,2018-09-15
2018,house,NY,14,29.0,854068018,2018-09-15
2018,house,NY,15,-13.0,854068018,2018-09-15
2018,house,NY,16,24.0,854068018,2018-09-15
2018,house,NY,17,7.0,854068018,2018-09-15
2018,house,NY,18,-1.0,854068018,2018-09-15
2018,house,NY,19,-2.0,854068018,2018-09-15
2018,house,NY,20,7.0,854068018,2018-09-15
2018,house,NY,21,-4.0,854068018,2018-09-15
2018,house,NY,22,-6.0,854068018,2018-09-15
2018,house,NY,23,-6.0,854068018,2018-09-15
2018,house,NY,24,3.0,854068018,2018-09-15
2018,house,NY,25,8.0,854068018,2018-09-15
2018,house,NY,26,11.0,854068018,2018-09-15
2018,house,NY,27,-11.0,854068018,2018-09-15
2018,house,OH,1,-5.0,854068018,2018-09-15
2018,house,OH,2,-9.0,854068018,2018-09-15
2018,house,OH,3,19.0,854068018,2018-09-15
2018,house,OH,4,-14.0,854068018,2018-09-15
2018,house,OH,5,-11.0,854068018,2018-09-15
2018,house,OH,6,-16.0,854068018,2018-09-15
2018,house,OH,7,-12.0,854068018,2018-09-15
2018,house,OH,8,-17.0,854068018,2018-09-15
2018,house,OH,9,14.0,854068018,2018-09-15
2018,house,OH,10,-4.0,854068018,2018-09-15
2018,house,OH,11,32.0,854068018,2018-09-15
2018,house,OH,12,-7.0,854068018,2018-09-15
2018,house,OH,13,7.0,854068018,2018-09-15
2018,house,OH,14,-5.0,854068018,2018-09-15
2018,house,OH,15,-7.0,854068018,2018-09-15
2018,house,OH,16,-8.0,854068018,2018-09-15
2018,house,OK,1,-17.0,854068018,2018-09-15
2018,house,OK,2,-24.0,854068018,2018-09-15
2018,house,OK,3,-27.0,854068018,2018-09-15
2018,house,OK,4,-20.0,854068018,2018-09-15
2018,house,OK,5,-10.0,854068018,2018-09-15
2018,house,OR,1,9.0,854068018,2018-09-15
2018,house,OR,2,-11.0,854068018,2018-09-15
2018,house,OR,3,24.0,854068018,2018-09-15
2018,house,OR,4,0.0,854068018,2018-09-15
2018,house,OR,5,0.0,854068018,2018-09-15
2018,house,PA,1,-1.0,854068018,2018-09-15
2018,house,PA,2,25.0,854068018,2018-09-15
2018,house,PA,3,41.0,854068018,2018-09-15
2018,house,PA,4,7.0,854068018,2018-09-15
2018,house,PA,5,13.0,854068018,2018-09-15
2018,house,PA,6,2.0,854068018,2018-09-15
2018,house,PA,7,1.0,854068018,2018-09-15
2018,house,PA,8,-1.0,854068018,2018-09-15
2018,house,PA,9,-14.0,854068018,2018-09-15
2018,house,PA,10,-6.0,854068018,2018-09-15
2018,house,PA,11,-14.0,854068018,2018-09-15
2018,house,PA,12,-17.0,854068018,2018-09-15
2018,house,PA,13,-22.0,854068018,2018-09-15
2018,house,PA,14,-14.0,854068018,2018-09-15
2018,house,PA,15,-20.0,854068018,2018-09-15
2018,house,PA,16,-8.0,854068018,2018-09-15
2018,house,PA,17,-3.0,854068018,2018-09-15
2018,house,PA,18,13.0,854068018,2018-09-15
2018,house,RI,1,14.0,854068018,2018-09-15
2018,house,RI,2,6.0,854068018,2018-09-15
2018,house,SC,1,-10.0,854068018,2018-09-15
2018,house,SC,2,-12.0,854068018,2018-09-15
2018,house,SC,3,-19.0,854068018,2018-09-15
2018,house,SC,4,-15.0,854068018,2018-09-15
2018,house,SC,5,-9.0,854068018,2018-09-15
2018,house,SC,6,19.0,854068018,2018-09-15
2018,house,SC,7,-9.0,854068018,2018-09-15
2018,house,SD,1,-14.0,854068018,2018-09-15
2018,house,TN,1,-28.0,854068018,2018-09-15
2018,house,TN,2,-20.0,854068018,2018-09-15
2018,house,TN,3,-18.0,854068018,2018-09-15
2018,house,TN,4,-20.0,854068018,2018-09-15
2018,house,TN,5,7.0,854068018,2018-09-15
2018,house,TN,6,-24.0,854068018,2018-09-15
2018,house,TN,7,-20.0,854068018,2018-09-15
2018,house,TN,8,-19.0,854068018,2018-09-15
2018,house,TN,9,28.0,854068018,2018-09-15
2018,house,TX,1,-25.0,854068018,2018-09-15
2018,house,TX,2,-11.0,854068018,2018-09-15
2018,house,TX,3,-13.0,854068018,2018-09-15
2018,house,TX,4,-28.0,854068018,2018-09-15
2018,house,TX,5,-16.0,854068018,2018-09-15
2018,house,TX,6,-9.0,854068018,2018-09-15
2018,house,TX,7,-7.0,854068018,2018-09-15
2018,house,TX,8,-28.0,854068018,2018-09-15
2018,house,TX,9,29.0,854068018,2018-09-15
2018,house,TX,10,-9.0,854068018,2018-09-15
2018,house,TX,11,-32.0,854068018,2018-09-15
2018,house,TX,12,-18.0,854068018,2018-09-15
2018,house,TX,13,-33.0,854068018,2018-09-15
2018,house,TX,14,-12.0,854068018,2018-09-15
2018,house,TX,15,7.0,854068018,2018-09-15
2018,house,TX,16,17.0,854068018,2018-09-15
2018,house,TX,17,-12.0,854068018,2018-09-15
2018,house,TX,18,27.0,854068018,2018-09-15
2018,house,TX,19,-27.0,854068018,2018-09-15
2018,house,TX,20,10.0,854068018,2018-09-15
2018,house,TX,21,-10.0,854068018,2018-09-15
2018,house,TX,22,-10.0,854068018,2018-09-15
2018,house,TX,23,-1.0,854068018,2018-09-15
2018,house,TX,24,-9.0,854068018,2018-09-15
2018,house,TX,25,-11.0,854068018,2018-09-15
2018,house,TX,26,-18.0,854068018,2018-09-15
2018,house,TX,27,-13.0,854068018,2018-09-15
2018,house,TX,28,9.0,854068018,2018-09-15
2018,house,TX,29,19.0,854068018,2018-09-15
2018,house,TX,30,29.0,854068018,2018-09-15
2018,house,TX,31,-10.0,854068018,2018-09-15
2018,house,TX,32,-5.0,854068018,2018-09-15
2018,house,TX,33,23.0,854068018,2018-09-15
2018,house,TX,34,10.0,854068018,2018-09-15
2018,house,TX,35,15.0,854068018,2018-09-15
2018,house,TX,36,-26.0,854068018,2018-09-15
2018,house,UT,1,-26.0,854068018,2018-09-15
2018,house,UT,2,-16.0,854068018,2018-09-15
2018,house,UT,3,-25.0,854068018,2018-09-15
2018,house,UT,4,-13.0,854068018,2018-09-15
2018,house,VA,1,-8.0,854068018,2018-09-15
2018,house,VA,2,-3.0,854068018,2018-09-15
2018,house,VA,3,16.0,854068018,2018-09-15
2018,house,VA,4,10.0,854068018,2018-09-15
2018,house,VA,5,-6.0,854068018,2018-09-15
2018,house,VA,6,-13.0,854068018,2018-09-15
2018,house,VA,7,-6.0,854068018,2018-09-15
2018,house,VA,8,21.0,854068018,2018-09-15
2018,house,VA,9,-19.0,854068018,2018-09-15
2018,house,VA,10,1.0,854068018,2018-09-15
2018,house,VA,11,15.0,854068018,2018-09-15
2018,house,VT,1,15.0,854068018,2018-09-15
2018,house,WA,1,6.0,854068018,2018-09-15
2018,house,WA,2,10.0,854068018,2018-09-15
2018,house,WA,3,-4.0,854068018,2018-09-15
2018,house,WA,4,-13.0,854068018,2018-09-15
2018,house,WA,5,-8.0,854068018,2018-09-15
2018,house,WA,6,6.0,854068018,2018-09-15
2018,house,WA,7,33.0,854068018,2018-09-15
2018,house,WA,8,0.0,854068018,2018-09-15
2018,house,WA,9,21.0,854068018,2018-09-15
2018,house,WA,10,5.0,854068018,2018-09-15
2018,house,WI,1,-5.0,854068018,2018-09-15
2018,house,WI,2,18.0,854068018,2018-09-15
2018,house,WI,3,0.0,854068018,2018-09-15
2018,house,WI,4,25.0,854068018,2018-09-15
2018,house,WI,5,-13.0,854068018,2018-09-15
2018,house,WI,6,-8.0,854068018,2018-09-15
2018,house,WI,7,-8.0,854068018,2018-09-15
2018,house,WI,8,-7.0,854068018,2018-09-15
2018,house,WV,1,-19.0,854068018,2018-09-15
2018,house,WV,2,-17.0,854068018,2018-09-15
2018,house,WV,3,-23.0,854068018,2018-09-15
2018,house,WY,1,-25.0,854068018,2018-09-15
2018,state,AK,,-9.0,854068018,2018-09-15
2018,state,AL,,-14.0,854068018,2018-09-15
2018,state,AR,,-15.0,854068018,2018-09-15
2018,state,AZ,,-5.0,854068018,2018-09-15
2018,state,CA,,12.0,854068018,2018-09-15
2018,state,CO,,1.0,854068018,2018-09-15
2018,state,CT,,6.0,854068018,2018-09-15
2018,state,DE,,6.0,854068018,2018-09-15
2018,state,FL,,-2.0,854068018,2018-09-15
2018,state,GA,,-5.0,854068018,2018-09-15
2018,state,HI,,18.0,854068018,2018-09-15
2018,state,IA,,-3.0,854068018,2018-09-15
2018,state,ID,,-19.0,854068018,2018-09-15
2018,state,IL,,7.0,854068018,2018-09-15
2018,state,IN,,-9.0,854068018,2018-09-15
2018,state,KS,,-13.0,854068018,2018-09-15
2018,state,KY,,-15.0,854068018,2018-09-15
2018,state,LA,,-11.0,854068018,2018-09-15
2018,state,MA,,12.0,854068018,2018-09-15
2018,state,MD,,12.0,854068018,2018-09-15
2018,state,ME,,3.0,854068018,2018-09-15
2018,state,MI,,1.0,854068018,2018-09-15
2018,state,MN,,1.0,854068018,2018-09-15
2018,state,MO,,-9.0,854068018,2018-09-15
2018,state,MS,,-9.0,854068018,2018-09-15
2018,state,MT,,-11.0,854068018,2018-09-15
2018,state,NC,,-3.0,854068018,2018-09-15
2018,state,ND,,-17.0,854068018,2018-09-15
2018,state,NE,,-14.0,854068018,2018-09-15
2018,state,NH,,0.0,854068018,2018-09-15
2018,state,NJ,,7.0,854068018,2018-09-15
2018,state,NM,,3.0,854068018,2018-09-15
2018,state,NV,,1.0,854068018,2018-09-15
2018,state,NY,,12.0,854068018,2018-09-15
2018,state,OH,,-3.0,854068018,2018-09-15
2018,state,OK,,-20.0,854068018,2018-09-15
2018,state,OR,,5.0,854068018,2018-09-15
2018,state,PA,,0.0,854068018,2018-09-15
2018,state,RI,,10.0,854068018,2018-09-15
2018,state,SC,,-8.0,854068018,2018-09-15
2018,state,SD,,-14.0,854068018,2018-09-15
2018,state,TN,,-14.0,854068018,2018-09-15
2018,state,TX,,-8.0,854068018,2018-09-15
2018,state,UT,,-20.0,854068018,2018-09-15
2018,state,VA,,1.0,854068018,2018-09-15
2018,state,VT,,15.0,854068018,2018-09-15
2018,state,WA,,7.0,854068018,2018-09-15
2018,state,WI,,0.0,854068018,2018-09-15
2018,state,WV,,-19.0,854068018,2018-09-15
2018,state,WY,,-25.0,854068018,2018-09-15
2020,house,AK,1,-13.0,975958386,2020-09-15
2020,house,AL,1,-15.0,975958386,2020-09-15
2020,house,AL,2,-16.0,975958386,2020-09-15
2020,house,AL,3,-16.0,975958386,2020-09-15
2020,house,AL,4,-30.0,975958386,2020-09-15
2020,house,AL,5,-18.0,975958386,2020-09-15
2020,house,AL,6,-26.0,975958386,2020-09-15
2020,house,AL,7,20.0,975958386,2020-09-15
2020,house,AR,1,-17.0,975958386,2020-09-15
2020,house,AR,2,-7.0,975958386,2020-09-15
2020,house,AR,3,-19.0,975958386,2020-09-15
2020,house,AR,4,-17.0,975958386,2020-09-15
2020,house,AZ,1,-2.0,975958386,2020-09-15
2020,house,AZ,2,-1.0,975958386,2020-09-15
2020,house,AZ,3,13.0,975958386,2020-09-15
2020,house,AZ,4,-21.0,975958386,2020-09-15
2020,house,AZ,5,-15.0,975958386,2020-09-15
2020,house,AZ,6,-9.0,975958386,2020-09-15
2020,house,AZ,7,23.0,975958386,2020-09-15
2020,house,AZ,8,-13.0,975958386,2020-09-15
2020,house,AZ,9,4.0,975958386,2020-09-15
2020,house,CA,1,-11.0,975958386,2020-09-15
2020,house,CA,2,22.0,975958386,2020-09-15
2020,house,CA,3,5.0,975958386,2020-09-15
2020,house,CA,4,-10.0,975958386,2020-09-15
2020,house,CA,5,21.0,975958386,2020-09-15
2020,house,CA,6,21.0,975958386,2020-09-15
2020,house,CA,7,3.0,975958386,2020-09-15
2020,house,CA,8,-9.0,975958386,2020-09-15
2020,house,CA,9,8.0,975958386,2020-09-15
2020,house,CA,10,0.0,975958386,2020-09-15
2020,house,CA,11,21.0,975958386,2020-09-15
2020,house,CA,12,37.0,975958386,2020-09-15
2020,house,CA,13,40.0,975958386,2020-09-15
2020,house,CA,14,27.0,975958386,2020-09-15
2020,house,CA,15,20.0,975958386,2020-09-15
2020,house,CA,16,9.0,975958386,2020-09-15
2020,house,CA,17,25.0,975958386,2020-09-15
2020,house,CA,18,23.0,975958386,2020-09-15
2020,house,CA,19,24.0,975958386,2020-09-15
2020,house,CA,20,23.0,975958386,2020-09-15
2020,house,CA,21,5.0,975958386,2020-09-15
2020,house,CA,22,-8.0,975958386,2020-09-15
2020,house,CA,23,-14.0,975958386,2020-09-15
2020,house,CA,24,7.0,975958386,2020-09-15
2020,house,CA,25,0.0,975958386,2020-09-15
2020,house,CA,26,7.0,975958386,2020-09-15
2020,house,CA,27,16.0,975958386,2020-09-15
2020,house,CA,28,23.0,975958386,2020-09-15
2020,house,CA,29,29.0,975958386,2020-09-15
2020,house,CA,30,18.0,975958386,2020-09-15
2020,house,CA,31,8.0,975958386,2020-09-15
2020,house,CA,32,17.0,975958386,2020-09-15
2020,house,CA,33,16.0,975958386,2020-09-15
2020,house,CA,34,35.0,975958386,2020-09-15
2020,house,CA,35,19.0,975958386,2020-09-15
2020,house,CA,36,2.0,975958386,2020-09-15
2020,house,CA,37,37.0,975958386,2020-09-15
2020,house,CA,38,17.0,975958386,2020-09-15
2020,house,CA,39,0.0,975958386,2020-09-15
2020,house,CA,40,33.0,975958386,2020-09-15
2020,house,CA,41,12.0,975958386,2020-09-15
2020,house,CA,42,-9.0,975958386,2020-09-15
2020,house,CA,43,29.0,975958386,2020-09-15
2020,house,CA,44,35.0,975958386,2020-09-15
2020,house,CA,45,-3.0,975958386,2020-09-15
2020,house,CA,46,15.0,975958386,2020-09-15
2020,house,CA,47,13.0,975958386,2020-09-15
2020,house,CA,48,-4.0,975958386,2020-09-15
2020,house,CA,49,-1.0,975958386,2020-09-15
2020,house,CA,50,-11.0,975958386,2020-09-15
2020,house,CA,51,22.0,975958386,2020-09-15
2020,house,CA,52,6.0,975958386,2020-09-15
2020,house,CA,53,14.0,975958386,2020-09-15
2020,house,CO,1,21.0,975958386,2020-09-15
2020,house,CO,2,9.0,975958386,2020-09-15
2020,house,CO,3,-6.0,975958386,2020-09-15
2020,house,CO,4,-13.0,975958386,2020-09-15
2020,house,CO,5,-14.0,975958386,2020-09-15
2020,house,CO,6,2.0,975958386,2020-09-15
2020,house,CO,7,6.0,975958386,2020-09-15
2020,house,CT,1,12.0,975958386,2020-09-15
2020,house,CT,2,3.0,975958386,2020-09-15
2020,house,CT,3,9.0,975958386,2020-09-15
2020,house,CT,4,7.0,975958386,2020-09-15
2020,house,CT,5,2.0,975958386,2020-09-15
2020,house,DE,1,6.0,975958386,2020-09-15
2020,house,FL,1,-22.0,975958386,2020-09-15
2020,house,FL,2,-18.0,975958386,2020-09-15
2020,house,FL,3,-9.0,975958386,2020-09-15
2020,house,FL,4,-17.0,975958386,2020-09-15
2020,house,FL,5,12.0,975958386,2020-09-15
2020,house,FL,6,-7.0,975958386,2020-09-15
2020,house,FL,7,0.0,975958386,2020-09-15
2020,house,FL,8,-11.0,975958386,2020-09-15
2020,house,FL,9,5.0,975958386,2020-09-15
2020,house,FL,10,11.0,975958386,2020-09-15
2020,house,FL,11,-15.0,975958386,2020-09-15
2020,house,FL,12,-8.0,975958386,2020-09-15
2020,house,FL,13,2.0,975958386,2020-09-15
2020,house,FL,14,7.0,975958386,2020-09-15
2020,house,FL,15,-6.0,975958386,2020-09-15
2020,house,FL,16,-7.0,975958386,2020-09-15
2020,house,FL,17,-13.0,975958386,2020-09-15
2020,house,FL,18,-5.0,975958386,2020-09-15
2020,house,FL,19,-13.0,975958386,2020-09-15
2020,house,FL,20,31.0,975958386,2020-09-15
2020,house,FL,21,9.0,975958386,2020-09-15
2020,house,FL,22,6.0,975958386,2020-09-15
2020,house,FL,23,11.0,975958386,2020-09-15
2020,house,FL,24,34.0,975958386,2020-09-15
2020,house,FL,25,-4.0,975958386,2020-09-15
2020,house,FL,26,6.0,975958386,2020-09-15
2020,house,FL,27,5.0,975958386,2020-09-15
2020,house,GA,1,-9.0,975958386,2020-09-15
2020,house,GA,2,6.0,975958386,2020-09-15
2020,house,GA,3,-18.0,975958386,2020-09-15
2020,house,GA,4,24.0,975958386,2020-09-15
2020,house,GA,5,34.0,975958386,2020-09-15
2020,house,GA,6,-8.0,975958386,2020-09-15
2020,house,GA,7,-9.0,975958386,2020-09-15
2020,house,GA,8,-15.0,975958386,2020-09-15
2020,house,GA,9,-31.0,975958386,2020-09-15
2020,house,GA,10,-15.0,975958386,2020-09-15
2020,house,GA,11,-17.0,975958386,2020-09-15
2020,house,GA,12,-9.0,975958386,2020-09-15
2020,house,GA,13,20.0,975958386,2020-09-15
2020,house,GA,14,-27.0,975958386,2020-09-15
2020,house,HI,1,17.0,975958386,2020-09-15
2020,house,HI,2,19.0,975958386,2020-09-15
2020,house,IA,1,1.0,975958386,2020-09-15
2020,house,IA,2,1.0,975958386,2020-09-15
2020,house,IA,3,-1.0,975958386,2020-09-15
2020,house,IA,4,-11.0,975958386,2020-09-15
2020,house,ID,1,-21.0,975958386,2020-09-15
2020,house,ID,2,-17.0,975958386,2020-09-15
2020,house,IL,1,27.0,975958386,2020-09-15
2020,house,IL,2,29.0,975958386,2020-09-15
2020,house,IL,3,6.0,975958386,2020-09-15
2020,house,IL,4,33.0,975958386,2020-09-15
2020,house,IL,5,20.0,975958386,2020-09-15
2020,house,IL,6,-2.0,975958386,2020-09-15
2020,house,IL,7,38.0,975958386,2020-09-15
2020,house,IL,8,8.0,975958386,2020-09-15
2020,house,IL,9,18.0,975958386,2020-09-15
2020,house,IL,10,10.0,975958386,2020-09-15
2020,house,IL,11,9.0,975958386,2020-09-15
2020,house,IL,12,-5.0,975958386,2020-09-15
2020,house,IL,13,-3.0,975958386,2020-09-15
2020,house,IL,14,-5.0,975958386,2020-09-15
2020,house,IL,15,-21.0,975958386,2020-09-15
2020,house,IL,16,-8.0,975958386,2020-09-15
2020,house,IL,17,3.0,975958386,2020-09-15
2020,house,IL,18,-15.0,975958386,2020-09-15
2020,house,IN,1,8.0,975958386,2020-09-15
2020,house,IN,2,-11.0,975958386,2020-09-15
2020,house,IN,3,-18.0,975958386,2020-09-15
2020,house,IN,4,-17.0,975958386,2020-09-15
2020,house,IN,5,-9.0,975958386,2020-09-15
2020,house,IN,6,-18.0,975958386,2020-09-15
2020,house,IN,7,11.0,975958386,2020-09-15
2020,house,IN,8,-15.0,975958386,2020-09-15
2020,house,IN,9,-13.0,975958386,2020-09-15
2020,house,KS,1,-24.0,975958386,2020-09-15
2020,house,KS,2,-10.0,975958386,2020-09-15
2020,house,KS,3,-4.0,975958386,2020-09-15
2020,house,KS,4,-15.0,975958386,2020-09-15
2020,house,KY,1,-23.0,975958386,2020-09-15
2020,house,KY,2,-19.0,975958386,2020-09-15
2020,house,KY,3,6.0,975958386,2020-09-15
2020,house,KY,4,-18.0,975958386,2020-09-15
2020,house,KY,5,-31.0,975958386,2020-09-15
2020,house,KY,6,-9.0,975958386,2020-09-15
2020,house,LA,1,-24.0,975958386,2020-09-15
2020,house,LA,2,25.0,975958386,2020-09-15
2020,house,LA,3,-20.0,975958386,2020-09-15
2020,house,LA,4,-13.0,975958386,2020-09-15
2020,house,LA,5,-15.0,975958386,2020-09-15
2020,house,LA,6,-19.0,975958386,2020-09-15
2020,house,MA,1,12.0,975958386,2020-09-15
2020,house,MA,2,9.0,975958386,2020-09-15
2020,house,MA,3,9.0,975958386,2020-09-15
2020,house,MA,4,9.0,975958386,2020-09-15
2020,house,MA,5,18.0,975958386,2020-09-15
2020,house,MA,6,6.0,975958386,2020-09-15
2020,house,MA,7,34.0,975958386,2020-09-15
2020,house,MA,8,10.0,975958386,2020-09-15
2020,house,MA,9,4.0,975958386,2020-09-15
2020,house,MD,1,-14.0,975958386,2020-09-15
2020,house,MD,2,11.0,975958386,2020-09-15
2020,house,MD,3,13.0,975958386,2020-09-15
2020,house,MD,4,28.0,975958386,2020-09-15
2020,house,MD,5,16.0,975958386,2020-09-15
2020,house,MD,6,6.0,975958386,2020-09-15
2020,house,MD,7,26.0,975958386,2020-09-15
2020,house,MD,8,14.0,975958386,2020-09-15
2020,house,ME,1,8.0,975958386,2020-09-15
2020,house,ME,2,-2.0,975958386,2020-09-15
2020,house,MI,1,-9.0,975958386,2020-09-15
2020,house,MI,2,-9.0,975958386,2020-09-15
2020,house,MI,3,-6.0,975958386,2020-09-15
2020,house,MI,4,-10.0,975958386,2020-09-15
2020,house,MI,5,5.0,975958386,2020-09-15
2020,house,MI,6,-4.0,975958386,2020-09-15
2020,house,MI,7,-7.0,975958386,2020-09-15
2020,house,MI,8,-4.0,975958386,2020-09-15
2020,house,MI,9,4.0,975958386,2020-09-15
2020,house,MI,10,-13.0,975958386,2020-09-15
2020,house,MI,11,-4.0,975958386,2020-09-15
2020,house,MI,12,14.0,975958386,2020-09-15
2020,house,MI,13,33.0,975958386,2020-09-15
2020,house,MI,14,30.0,975958386,2020-09-15
2020,house,MN,1,-5.0,975958386,2020-09-15
2020,house,MN,2,-2.0,975958386,2020-09-15
2020,house,MN,3,1.0,975958386,2020-09-15
2020,house,MN,4,14.0,975958386,2020-09-15
2020,house,MN,5,26.0,975958386,2020-09-15
2020,house,MN,6,-12.0,975958386,2020-09-15
2020,house,MN,7,-12.0,975958386,2020-09-15
2020,house,MN,8,-4.0,975958386,2020-09-15
2020,house,MO,1,29.0,975958386,2020-09-15
2020,house,MO,2,-8.0,975958386,2020-09-15
2020,house,MO,3,-18.0,975958386,2020-09-15
2020,house,MO,4,-17.0,975958386,2020-09-15
2020,house,MO,5,7.0,975958386,2020-09-15
2020,house,MO,6,-16.0,975958386,2020-09-15
2020,house,MO,7,-23.0,975958386,2020-09-15
2020,house,MO,8,-24.0,975958386,2020-09-15
2020,house,MS,1,-16.0,975958386,2020-09-15
2020,house,MS,2,14.0,975958386,2020-09-15
2020,house,MS,3,-13.0,975958386,2020-09-15
2020,house,MS,4,-21.0,975958386,2020-09-15
2020,house,MT,1,-11.0,975958386,2020-09-15
2020,house,NC,1,17.0,975958386,2020-09-15
2020,house,NC,2,-7.0,975958386,2020-09-15
2020,house,NC,3,-12.0,975958386,2020-09-15
2020,house,NC,4,17.0,975958386,2020-09-15
2020,house,NC,5,-10.0,975958386,2020-09-15
2020,house,NC,6,-9.0,975958386,2020-09-15
2020,house,NC,7,-9.0,975958386,2020-09-15
2020,house,NC,8,-8.0,975958386,2020-09-15
2020,house,NC,9,-8.0,975958386,2020-09-15
2020,house,NC,10,-12.0,975958386,2020-09-15
2020,house,NC,11,-14.0,975958386,2020-09-15
2020,house,NC,12,18.0,975958386,2020-09-15
2020,house,NC,13,-6.0,975958386,2020-09-15
2020,house,ND,1,-16.0,975958386,2020-09-15
2020,house,NE,1,-11.0,975958386,2020-09-15
2020,house,NE,2,-4.0,975958386,2020-09-15
2020,house,NE,3,-27.0,975958386,2020-09-15
2020,house,NH,1,-2.0,975958386,2020-09-15
2020,house,NH,2,2.0,975958386,2020-09-15
2020,house,NJ,1,13.0,975958386,2020-09-15
2020,house,NJ,2,-1.0,975958386,2020-09-15
2020,house,NJ,3,-2.0,975958386,2020-09-15
2020,house,NJ,4,-8.0,975958386,2020-09-15
2020,house,NJ,5,-3.0,975958386,2020-09-15
2020,house,NJ,6,9.0,975958386,2020-09-15
2020,house,NJ,7,-3.0,975958386,2020-09-15
2020,house,NJ,8,27.0,975958386,2020-09-15
2020,house,NJ,9,16.0,975958386,2020-09-15
2020,house,NJ,10,36.0,975958386,2020-09-15
2020,house,NJ,11,-3.0,975958386,2020-09-15
2020,house,NJ,12,16.0,975958386,2020-09-15
2020,house,NM,1,7.0,975958386,2020-09-15
2020,house,NM,2,-6.0,975958386,2020-09-15
2020,house,NM,3,8.0,975958386,2020-09-15
2020,house,NV,1,15.0,975958386,2020-09-15
2020,house,NV,2,-7.0,975958386,2020-09-15
2020,house,NV,3,-2.0,975958386,2020-09-15
2020,house,NV,4,3.0,975958386,2020-09-15
2020,house,NY,1,-5.0,975958386,2020-09-15
2020,house,NY,2,-3.0,975958386,2020-09-15
2020,house,NY,3,1.0,975958386,2020-09-15
2020,house,NY,4,4.0,975958386,2020-09-15
2020,house,NY,5,37.0,975958386,2020-09-15
2020,house,NY,6,16.0,975958386,2020-09-15
2020,house,NY,7,38.0,975958386,2020-09-15
2020,house,NY,8,36.0,975958386,2020-09-15
2020,house,NY,9,34.0,975958386,2020-09-15
2020,house,NY,10,26.0,975958386,2020-09-15
2020,house,NY,11,-3.0,975958386,2020-09-15
2020,house,NY,12,31.0,975958386,2020-09-15
2020,house,NY,13,43.0,975958386,2020-09-15
2020,house,NY,14,29.0,975958386,2020-09-15
2020,house,NY,15,44.0,975958386,2020-09-15
2020,house,NY,16,24.0,975958386,2020-09-15
2020,house,NY,17,7.0,975958386,2020-09-15
2020,house,NY,18,-1.0,975958386,2020-09-15
2020,house,NY,19,-2.0,975958386,2020-09-15
2020,house,NY,20,7.0,975958386,2020-09-15
2020,house,NY,21,-4.0,975958386,2020-09-15
2020,house,NY,22,-6.0,975958386,2020-09-15
2020,house,NY,23,-6.0,975958386,2020-09-15
2020,house,NY,24,3.0,975958386,2020-09-15
2020,house,NY,25,8.0,975958386,2020-09-15
2020,house,NY,26,11.0,975958386,2020-09-15
2020,house,NY,27,-11.0,975958386,2020-09-15
2020,house,OH,1,-5.0,975958386,2020-09-15
2020,house,OH,2,-9.0,975958386,2020-09-15
2020,house,OH,3,19.0,975958386,2020-09-15
2020,house,OH,4,-14.0,975958386,2020-09-15
2020,house,OH,5,-11.0,975958386,2020-09-15
2020,house,OH,6,-16.0,975958386,2020-09-15
2020,house,OH,7,-12.0,975958386,2020-09-15
2020,house,OH,8,-17.0,975958386,2020-09-15
2020,house,OH,9,14.0,975958386,2020-09-15
2020,house,OH,10,-4.0,975958386,2020-09-15
2020,house,OH,11,32.0,975958386,2020-09-15
2020,house,OH,12,-7.0,975958386,2020-09-15
2020,house,OH,13,7.0,975958386,2020-09-15
2020,house,OH,14,-5.0,975958386,2020-09-15
2020,house,OH,15,-7.0,975958386,2020-09-15
2020,house,OH,16,-8.0,975958386,2020-09-15
2020,house,OK,1,-17.0,975958386,2020-09-15
2020,house,OK,2,-24.0,975958386,2020-09-15
2020,house,OK,3,-27.0,975958386,2020-09-15
2020,house,OK,4,-20.0,975958386,2020-09-15
2020,house,OK,5,-10.0,975958386,2020-09-15
2020,house,OR,1,9.0,975958386,2020-09-15
2020,house,OR,2,-11.0,975958386,2020-09-15
2020,house,OR,3,24.0,975958386,2020-09-15
2020,house,OR,4,0.0,975958386,2020-09-15
2020,house,OR,5,0.0,975958386,2020-09-15
2020,house,PA,1,-1.0,975958386,2020-09-15
2020,house,PA,2,25.0,975958386,2020-09-15
2020,house,PA,3,41.0,975958386,2020-09-15
2020,house,PA,4,7.0,975958386,2020-09-15
2020,house,PA,5,13.0,975958386,2020-09-15
2020,house,PA,6,2.0,975958386,2020-09-15
2020,house,PA,7,1.0,975958386,2020-09-15
2020,house,PA,8,-1.0,975958386,2020-09-15
2020,house,PA,9,-14.0,975958386,2020-09-15
2020,house,PA,10,-6.0,975958386,2020-09-15
2020,house,PA,11,-14.0,975958386,2020-09-15
2020,house,PA,12,-17.0,975958386,2020-09-15
2020,house,PA,13,-22.0,975958386,2020-09-15
2020,house,PA,14,-14.0,975958386,2020-09-15
2020,house,PA,15,-20.0,975958386,2020-09-15
2020,house,PA,16,-8.0,975958386,2020-09-15
2020,house,PA,17,-3.0,975958386,2020-09-15
2020,house,PA,18,13.0,975958386,2020-09-15
2020,house,RI,1,14.0,975958386,2020-09-15
2020,house,RI,2,6.0,975958386,2020-09-15
2020,house,SC,1,-10.0,975958386,2020-09-15
2020,house,SC,2,-12.0,975958386,2020-09-15
2020,house,SC,3,-19.0,975958386,2020-09-15
2020,house,SC,4,-15.0,975958386,2020-09-15
2020,house,SC,5,-9.0,975958386,2020-09-15
2020,house,SC,6,19.0,975958386,2020-09-15
2020,house,SC,7,-9.0,975958386,2020-09-15
2020,house,SD,1,-14.0,975958386,2020-09-15
2020,house,TN,1,-28.0,975958386,2020-09-15
2020,house,TN,2,-20.0,975958386,2020-09-15
2020,house,TN,3,-18.0,975958386,2020-09-15
2020,house,TN,4,-20.0,975958386,2020-09-15
2020,house,TN,5,7.0,975958386,2020-09-15
2020,house,TN,6,-24.0,975958386,2020-09-15
2020,house,TN,7,-20.0,975958386,2020-09-15
2020,house,TN,8,-19.0,975958386,2020-09-15
2020,house,TN,9,28.0,975958386,2020-09-15
2020,house,TX,1,-25.0,975958386,2020-09-15
2020,house,TX,2,-11.0,975958386,2020-09-15
2020,house,TX,3,-13.0,975958386,2020-09-15
2020,house,TX,4,-28.0,975958386,2020-09-15
2020,house,TX,5,-16.0,975958386,2020-09-15
2020,house,TX,6,-9.0,975958386,2020-09-15
2020,house,TX,7,-7.0,975958386,2020-09-15
2020,house,TX,8,-28.0,975958386,2020-09-15
2020,house,TX,9,29.0,975958386,2020-09-15
2020,house,TX,10,-9.0,975958386,2020-09-15
2020,house,TX,11,-32.0,975958386,2020-09-15
2020,house,TX,12,-18.0,975958386,2020-09-15
2020,house,TX,13,-33.0,975958386,2020-09-15
2020,house,TX,14,-12.0,975958386,2020-09-15
2020,house,TX,15,7.0,975958386,2020-09-15
2020,house,TX,16,17.0,975958386,2020-09-15
2020,house,TX,17,-12.0,975958386,2020-09-15
2020,house,TX,18,27.0,975958386,2020-09-15
2020,house,TX,19,-27.0,975958386,2020-09-15
2020,house,TX,20,10.0,975958386,2020-09-15
2020,house,TX,21,-10.0,975958386,2020-09-15
2020,house,TX,22,-10.0,975958386,2020-09-15
2020,house,TX,23,-1.0,975958386,2020-09-15
2020,house,TX,24,-9.0,975958386,2020-09-15
2020,house,TX,25,-11.0,975958386,2020-09-15
2020,house,TX,26,-18.0,975958386,2020-09-15
2020,house,TX,27,-13.0,975958386,2020-09-15
2020,house,TX,28,9.0,975958386,2020-09-15
2020,house,TX,29,19.0,975958386,2020-09-15
2020,house,TX,30,29.0,975958386,2020-09-15
2020,house,TX,31,-10.0,975958386,2020-09-15
2020,house,TX,32,-5.0,975958386,2020-09-15
2020,house,TX,33,23.0,975958386,2020-09-15
2020,house,TX,34,10.0,975958386,2020-09-15
2020,house,TX,35,15.0,975958386,2020-09-15
2020,house,TX,36,-26.0,975958386,2020-09-15
2020,house,UT,1,-26.0,975958386,2020-09-15
2020,house,UT,2,-16.0,975958386,2020-09-15
2020,house,UT,3,-25.0,975958386,2020-09-15
2020,house,UT,4,-13.0,975958386,2020-09-15
2020,house,VA,1,-8.0,975958386,2020-09-15
2020,house,VA,2,-3.0,975958386,2020-09-15
2020,house,VA,3,16.0,975958386,2020-09-15
2020,house,VA,4,10.0,975958386,2020-09-15
2020,house,VA,5,-6.0,975958386,2020-09-15
2020,house,VA,6,-13.0,975958386,2020-09-15
2020,house,VA,7,-6.0,975958386,2020-09-15
2020,house,VA,8,21.0,975958386,2020-09-15
2020,house,VA,9,-19.0,975958386,2020-09-15
2020,house,VA,10,1.0,975958386,2020-09-15
2020,house,VA,11,15.0,975958386,2020-09-15
2020,house,VT,1,15.0,975958386,2020-09-15
2020,house,WA,1,6.0,975958386,2020-09-15
2020,house,WA,2,10.0,975958386,2020-09-15
2020,house,WA,3,-4.0,975958386,2020-09-15
2020,house,WA,4,-13.0,975958386,2020-09-15
2020,house,WA,5,-8.0,975958386,2020-09-15
2020,house,WA,6,6.0,975958386,2020-09-15
2020,house,WA,7,33.0,975958386,2020-09-15
2020,house,WA,8,0.0,975958386,2020-09-15
2020,house,WA,9,21.0,975958386,2020-09-15
2020,house,WA,10,5.0,975958386,2020-09-15
2020,house,WI,1,-5.0,975958386,2020-09-15
2020,house,WI,2,18.0,975958386,2020-09-15
2020,house,WI,3,0.0,975958386,2020-09-15
2020,house,WI,4,25.0,975958386,2020-09-15
2020,house,WI,5,-13.0,975958386,2020-09-15
2020,house,WI,6,-8.0,975958386,2020-09-15
2020,house,WI,7,-8.0,975958386,2020-09-15
2020,house,WI,8,-7.0,975958386,2020-09-15
2020,house,WV,1,-19.0,975958386,2020-09-15
2020,house,WV,2,-17.0,975958386,2020-09-15
2020,house,WV,3,-23.0,975958386,2020-09-15
2020,house,WY,1,-25.0,975958386,2020-09-15
2020,state,AK,,-9.0,975958386,2020-09-15
2020,state,AL,,-14.0,975958386,2020-09-15
2020,state,AR,,-15.0,975958386,2020-09-15
2020,state,AZ,,-5.0,975958386,2020-09-15
2020,state,CA,,12.0,975958386,2020-09-15
2020,state,CO,,1.0,975958386,2020-09-15
2020,state,CT,,6.0,975958386,2020-09-15
2020,state,DE,,6.0,975958386,2020-09-15
2020,state,FL,,-2.0,975958386,2020-09-15
2020,state,GA,,-5.0,975958386,2020-09-15
2020,state,HI,,18.0,975958386,2020-09-15
2020,state,IA,,-3.0,975958386,2020-09-15
2020,state,ID,,-19.0,975958386,2020-09-15
2020,state,IL,,7.0,975958386,2020-09-15
2020,state,IN,,-9.0,975958386,2020-09-15
2020,state,KS,,-13.0,975958386,2020-09-15
2020,state,KY,,-15.0,975958386,2020-09-15
2020,state,LA,,-11.0,975958386,2020-09-15
2020,state,MA,,12.0,975958386,2020-09-15
2020,state,MD,,12.0,975958386,2020-09-15
2020,state,ME,,3.0,975958386,2020-09-15
2020,state,MI,,1.0,975958386,2020-09-15
2020,state,MN,,1.0,975958386,2020-09-15
2020,state,MO,,-9.0,975958386,2020-09-15
2020,state,MS,,-9.0,975958386,2020-09-15
2020,state,MT,,-11.0,975958386,2020-09-15
2020,state,NC,,-3.0,975958386,2020-09-15
2020,state,ND,,-17.0,975958386,2020-09-15
2020,state,NE,,-14.0,975958386,2020-09-15
2020,state,NH,,0.0,975958386,2020-09-15
2020,state,NJ,,7.0,975958386,2020-09-15
2020,state,NM,,3.0,975958386,2020-09-15
2020,state,NV,,1.0,975958386,2020-09-15
2020,state,NY,,12.0,975958386,2020-09-15
2020,state,OH,,-3.0,975958386,2020-09-15
2020,state,OK,,-20.0,975958386,2020-09-15
2020,state,OR,,5.0,975958386,2020-09-15
2020,state,PA,,0.0,975958386,2020-09-15
2020,state,RI,,10.0,975958386,2020-09-15
2020,state,SC,,-8.0,975958386,2020-09-15
2020,state,SD,,-14.0,975958386,2020-09-15
2020,state,TN,,-14.0,975958386,2020-09-15
2020,state,TX,,-8.0,975958386,2020-09-15
2020,state,UT,,-20.0,975958386,2020-09-15
2020,state,VA,,1.0,975958386,2020-09-15
2020,state,VT,,15.0,975958386,2020-09-15
2020,state,WA,,7.0,975958386,2020-09-15
2020,state,WI,,0.0,975958386,2020-09-15
2020,state,WV,,-19.0,975958386,2020-09-15
2022,house,AK,1,-8.0,1108048880,2022-09-15
2022,house,AL,1,-16.0,1108048880,2022-09-15
2022,house,AL,2,-17.0,1108048880,2022-09-15
2022,house,AL,3,-19.0,1108048880,2022-09-15
2022,house,AL,4,-33.0,1108048880,2022-09-15
2022,house,AL,5,-17.0,1108048880,2022-09-15
2022,house,AL,6,-18.0,1108048880,2022-09-15
2022,house,AL,7,14.0,1108048880,2022-09-15
2022,house,AR,1,-22.0,1108048880,2022-09-15
2022,house,AR,2,-9.0,1108048880,2022-09-15
2022,house,AR,3,-15.0,1108048880,2022-09-15
2022,house,AR,4,-20.0,1108048880,2022-09-15
2022,house,AZ,1,-2.0,1108048880,2022-09-15
2022,house,AZ,2,-6.0,1108048880,2022-09-15
2022,house,AZ,3,24.0,1108048880,2022-09-15
2022,house,AZ,4,2.0,1108048880,2022-09-15
2022,house,AZ,5,-11.0,1108048880,2022-09-15
2022,house,AZ,6,-3.0,1108048880,2022-09-15
2022,house,AZ,7,15.0,1108048880,2022-09-15
2022,house,AZ,8,-10.0,1108048880,2022-09-15
2022,house,AZ,9,-16.0,1108048880,2022-09-15
2022,house,CA,1,-12.0,1108048880,2022-09-15
2022,house,CA,2,23.0,1108048880,2022-09-15
2022,house,CA,3,-4.0,1108048880,2022-09-15
2022,house,CA,4,17.0,1108048880,2022-09-15
2022,house,CA,5,-9.0,1108048880,2022-09-15
2022,house,CA,6,7.0,1108048880,2022-09-15
2022,house,CA,7,17.0,1108048880,2022-09-15
2022,house,CA,8,26.0,1108048880,2022-09-15
2022,house,CA,9,5.0,1108048880,2022-09-15
2022,house,CA,10,18.0,1108048880,2022-09-15
2022,house,CA,11,37.0,1108048880,2022-09-15
2022,house,CA,12,40.0,1108048880,2022-09-15
2022,house,CA,13,4.0,1108048880,2022-09-15
2022,house,CA,14,22.0,1108048880,2022-09-15
2022,house,CA,15,28.0,1108048880,2022-09-15
2022,house,CA,16,26.0,1108048880,2022-09-15
2022,house,CA,17,23.0,1108048880,2022-09-15
2022,house,CA,18,21.0,1108048880,2022-09-15
2022,house,CA,19,18.0,1108048880,2022-09-15
2022,house,CA,20,-16.0,1108048880,2022-09-15
2022,house,CA,21,9.0,1108048880,2022-09-15
2022,house,CA,22,5.0,1108048880,2022-09-15
2022,house,CA,23,-8.0,1108048880,2022-09-15
2022,house,CA,24,13.0,1108048880,2022-09-15
2022,house,CA,25,6.0,1108048880,2022-09-15
2022,house,CA,26,8.0,1108048880,2022-09-15
2022,house,CA,27,4.0,1108048880,2022-09-15
2022,house,CA,28,16.0,1108048880,2022-09-15
2022,house,CA,29,26.0,1108048880,2022-09-15
2022,house,CA,30,23.0,1108048880,2022-09-15
2022,house,CA,31,15.0,1108048880,2022-09-15
2022,house,CA,32,20.0,1108048880,2022-09-15
2022,house,CA,33,12.0,1108048880,2022-09-15
2022,house,CA,34,32.0,1108048880,2022-09-15
2022,house,CA,35,13.0,1108048880,2022-09-15
2022,house,CA,36,21.0,1108048880,2022-09-15
2022,house,CA,37,37.0,1108048880,2022-09-15
2022,house,CA,38,14.0,1108048880,2022-09-15
2022,house,CA,39,12.0,1108048880,2022-09-15
2022,house,CA,40,-2.0,1108048880,2022-09-15
2022,house,CA,41,-3.0,1108048880,2022-09-15
2022,house,CA,42,22.0,1108048880,2022-09-15
2022,house,CA,43,32.0,1108048880,2022-09-15
2022,house,CA,44,24.0,1108048880,2022-09-15
2022,house,CA,45,2.0,1108048880,2022-09-15
2022,house,CA,46,15.0,1108048880,2022-09-15
2022,house,CA,47,3.0,1108048880,2022-09-15
2022,house,CA,48,-9.0,1108048880,2022-09-15
2022,house,CA,49,3.0,1108048880,2022-09-15
2022,house,CA,50,14.0,1108048880,2022-09-15
2022,house,CA,51,12.0,1108048880,2022-09-15
2022,house,CA,52,18.0,1108048880,2022-09-15
2022,house,CO,1,29.0,1108048880,2022-09-15
2022,house,CO,2,17.0,1108048880,2022-09-15
2022,house,CO,3,-7.0,1108048880,2022-09-15
2022,house,CO,4,-13.0,1108048880,2022-09-15
2022,house,CO,5,-9.0,1108048880,2022-09-15
2022,house,CO,6,9.0,1108048880,2022-09-15
2022,house,CO,7,4.0,1108048880,2022-09-15
2022,house,CO,8,0.0,1108048880,2022-09-15
2022,house,CT,1,12.0,1108048880,2022-09-15
2022,house,CT,2,3.0,1108048880,2022-09-15
2022,house,CT,3,7.0,1108048880,2022-09-15
2022,house,CT,4,13.0,1108048880,2022-09-15
2022,house,CT,5,3.0,1108048880,2022-09-15
2022,house,DE,1,7.0,1108048880,2022-09-15
2022,house,FL,1,-19.0,1108048880,2022-09-15
2022,house,FL,2,-8.0,1108048880,2022-09-15
2022,house,FL,3,-9.0,1108048880,2022-09-15
2022,house,FL,4,-6.0,1108048880,2022-09-15
2022,house,FL,5,-11.0,1108048880,2022-09-15
2022,house,FL,6,-14.0,1108048880,2022-09-15
2022,house,FL,7,-5.0,1108048880,2022-09-15
2022,house,FL,8,-11.0,1108048880,2022-09-15
2022,house,FL,9,8.0,1108048880,2022-09-15
2022,house,FL,10,14.0,1108048880,2022-09-15
2022,house,FL,11,-8.0,1108048880,2022-09-15
2022,house,FL,12,-17.0,1108048880,2022-09-15
2022,house,FL,13,-6.0,1108048880,2022-09-15
2022,house,FL,14,8.0,1108048880,2022-09-15
2022,house,FL,15,-4.0,1108048880,2022-09-15
2022,house,FL,16,-7.0,1108048880,2022-09-15
2022,house,FL,17,-10.0,1108048880,2022-09-15
2022,house,FL,18,-13.0,1108048880,2022-09-15
2022,house,FL,19,-13.0,1108048880,2022-09-15
2022,house,FL,20,25.0,1108048880,2022-09-15
2022,house,FL,21,-7.0,1108048880,2022-09-15
2022,house,FL,22,7.0,1108048880,2022-09-15
2022,house,FL,23,5.0,1108048880,2022-09-15
2022,house,FL,24,25.0,1108048880,2022-09-15
2022,house,FL,25,9.0,1108048880,2022-09-15
2022,house,FL,26,-8.0,1108048880,2022-09-15
2022,house,FL,27,0.0,1108048880,2022-09-15
2022,house,FL,28,-2.0,1108048880,2022-09-15
2022,house,GA,1,-9.0,1108048880,2022-09-15
2022,house,GA,2,3.0,1108048880,2022-09-15
2022,house,GA,3,-18.0,1108048880,2022-09-15
2022,house,GA,4,27.0,1108048880,2022-09-15
2022,house,GA,5,32.0,1108048880,2022-09-15
2022,house,GA,6,-11.0,1108048880,2022-09-15
2022,house,GA,7,10.0,1108048880,2022-09-15
2022,house,GA,8,-16.0,1108048880,2022-09-15
2022,house,GA,9,-22.0,1108048880,2022-09-15
2022,house,GA,10,-15.0,1108048880,2022-09-15
2022,house,GA,11,-11.0,1108048880,2022-09-15
2022,house,GA,12,-8.0,1108048880,2022-09-15
2022,house,GA,13,28.0,1108048880,2022-09-15
2022,house,GA,14,-22.0,1108048880,2022-09-15
2022,house,HI,1,14.0,1108048880,2022-09-15
2022,house,HI,2,14.0,1108048880,2022-09-15
2022,house,IA,1,-3.0,1108048880,2022-09-15
2022,house,IA,2,-4.0,1108048880,2022-09-15
2022,house,IA,3,-3.0,1108048880,2022-09-15
2022,house,IA,4,-16.0,1108048880,2022-09-15
2022,house,ID,1,-22.0,1108048880,2022-09-15
2022,house,ID,2,-14.0,1108048880,2022-09-15
2022,house,IL,1,20.0,1108048880,2022-09-15
2022,house,IL,2,19.0,1108048880,2022-09-15
2022,house,IL,3,20.0,1108048880,2022-09-15
2022,house,IL,4,22.0,1108048880,2022-09-15
2022,house,IL,5,18.0,1108048880,2022-09-15
2022,house,IL,6,3.0,1108048880,2022-09-15
2022,house,IL,7,36.0,1108048880,2022-09-15
2022,house,IL,8,6.0,1108048880,2022-09-15
2022,house,IL,9,19.0,1108048880,2022-09-15
2022,house,IL,10,11.0,1108048880,2022-09-15
2022,house,IL,11,5.0,1108048880,2022-09-15
2022,house,IL,12,-24.0,1108048880,2022-09-15
2022,house,IL,13,3.0,1108048880,2022-09-15
2022,house,IL,14,4.0,1108048880,2022-09-15
2022,house,IL,15,-22.0,1108048880,2022-09-15
2022,house,IL,16,-13.0,1108048880,2022-09-15
2022,house,IL,17,2.0,1108048880,2022-09-15
2022,house,IN,1,3.0,1108048880,2022-09-15
2022,house,IN,2,-14.0,1108048880,2022-09-15
2022,house,IN,3,-18.0,1108048880,2022-09-15
2022,house,IN,4,-18.0,1108048880,2022-09-15
2022,house,IN,5,-11.0,1108048880,2022-09-15
2022,house,IN,6,-19.0,1108048880,2022-09-15
2022,house,IN,7,19.0,1108048880,2022-09-15
2022,house,IN,8,-19.0,1108048880,2022-09-15
2022,house,IN,9,-16.0,1108048880,2022-09-15
2022,house,KS,1,-18.0,1108048880,2022-09-15
2022,house,KS,2,-11.0,1108048880,2022-09-15
2022,house,KS,3,-1.0,1108048880,2022-09-15
2022,house,KS,4,-14.0,1108048880,2022-09-15
2022,house,KY,1,-24.0,1108048880,2022-09-15
2022,house,KY,2,-21.0,1108048880,2022-09-15
2022,house,KY,3,9.0,1108048880,2022-09-15
2022,house,KY,4,-19.0,1108048880,2022-09-15
2022,house,KY,5,-32.0,1108048880,2022-09-15
2022,house,KY,6,-9.0,1108048880,2022-09-15
2022,house,LA,1,-23.0,1108048880,2022-09-15
2022,house,LA,2,25.0,1108048880,2022-09-15
2022,house,LA,3,-21.0,1108048880,2022-09-15
2022,house,LA,4,-14.0,1108048880,2022-09-15
2022,house,LA,5,-17.0,1108048880,2022-09-15
2022,house,LA,6,-19.0,1108048880,2022-09-15
2022,house,MA,1,9.0,1108048880,2022-09-15
2022,house,MA,2,13.0,1108048880,2022-09-15
2022,house,MA,3,11.0,1108048880,2022-09-15
2022,house,MA,4,12.0,1108048880,2022-09-15
2022,house,MA,5,23.0,1108048880,2022-09-15
2022,house,MA,6,11.0,1108048880,2022-09-15
2022,house,MA,7,35.0,1108048880,2022-09-15
2022,house,MA,8,15.0,1108048880,2022-09-15
2022,house,MA,9,6.0,1108048880,2022-09-15
2022,house,MD,1,-11.0,1108048880,2022-09-15
2022,house,MD,2,7.0,1108048880,2022-09-15
2022,house,MD,3,10.0,1108048880,2022-09-15
2022,house,MD,4,40.0,1108048880,2022-09-15
2022,house,MD,5,15.0,1108048880,2022-09-15
2022,house,MD,6,2.0,1108048880,2022-09-15
2022,house,MD,7,30.0,1108048880,2022-09-15
2022,house,MD,8,29.0,1108048880,2022-09-15
2022,house,ME,1,9.0,1108048880,2022-09-15
2022,house,ME,2,-6.0,1108048880,2022-09-15
2022,house,MI,1,-13.0,1108048880,2022-09-15
2022,house,MI,2,-16.0,1108048880,2022-09-15
2022,house,MI,3,1.0,1108048880,2022-09-15
2022,house,MI,4,-5.0,1108048880,2022-09-15
2022,house,MI,5,-15.0,1108048880,2022-09-15
2022,house,MI,6,11.0,1108048880,2022-09-15
2022,house,MI,7,-2.0,1108048880,2022-09-15
2022,house,MI,8,-1.0,1108048880,2022-09-15
2022,house,MI,9,-18.0,1108048880,2022-09-15
2022,house,MI,10,-3.0,1108048880,2022-09-15
2022,house,MI,11,7.0,1108048880,2022-09-15
2022,house,MI,12,23.0,1108048880,2022-09-15
2022,house,MI,13,23.0,1108048880,2022-09-15
2022,house,MN,1,-7.0,1108048880,2022-09-15
2022,house,MN,2,1.0,1108048880,2022-09-15
2022,house,MN,3,8.0,1108048880,2022-09-15
2022,house,MN,4,17.0,1108048880,2022-09-15
2022,house,MN,5,30.0,1108048880,2022-09-15
2022,house,MN,6,-12.0,1108048880,2022-09-15
2022,house,MN,7,-19.0,1108048880,2022-09-15
2022,house,MN,8,-8.0,1108048880,2022-09-15
2022,house,MO,1,27.0,1108048880,2022-09-15
2022,house,MO,2,-7.0,1108048880,2022-09-15
2022,house,MO,3,-16.0,1108048880,2022-09-15
2022,house,MO,4,-23.0,1108048880,2022-09-15
2022,house,MO,5,11.0,1108048880,2022-09-15
2022,house,MO,6,-21.0,1108048880,2022-09-15
2022,house,MO,7,-24.0,1108048880,2022-09-15
2022,house,MO,8,-28.0,1108048880,2022-09-15
2022,house,MS,1,-18.0,1108048880,2022-09-15
2022,house,MS,2,11.0,1108048880,2022-09-15
2022,house,MS,3,-15.0,1108048880,2022-09-15
2022,house,MS,4,-22.0,1108048880,2022-09-15
2022,house,MT,1,-6.0,1108048880,2022-09-15
2022,house,MT,2,-16.0,1108048880,2022-09-15
2022,house,NC,1,2.0,1108048880,2022-09-15
2022,house,NC,2,12.0,1108048880,2022-09-15
2022,house,NC,3,-15.0,1108048880,2022-09-15
2022,house,NC,4,16.0,1108048880,2022-09-15
2022,house,NC,5,-13.0,1108048880,2022-09-15
2022,house,NC,6,4.0,1108048880,2022-09-15
2022,house,NC,7,-8.0,1108048880,2022-09-15
2022,house,NC,8,-20.0,1108048880,2022-09-15
2022,house,NC,9,-6.0,1108048880,2022-09-15
2022,house,NC,10,-22.0,1108048880,2022-09-15
2022,house,NC,11,-8.0,1108048880,2022-09-15
2022,house,NC,12,13.0,1108048880,2022-09-15
2022,house,NC,13,-2.0,1108048880,2022-09-15
2022,house,NC,14,6.0,1108048880,2022-09-15
2022,house,ND,1,-20.0,1108048880,2022-09-15
2022,house,NE,1,-9.0,1108048880,2022-09-15
2022,house,NE,2,0.0,1108048880,2022-09-15
2022,house,NE,3,-29.0,1108048880,2022-09-15
2022,house,NH,1,0.0,1108048880,2022-09-15
2022,house,NH,2,2.0,1108048880,2022-09-15
2022,house,NJ,1,10.0,1108048880,2022-09-15
2022,house,NJ,2,-5.0,1108048880,2022-09-15
2022,house,NJ,3,5.0,1108048880,2022-09-15
2022,house,NJ,4,-14.0,1108048880,2022-09-15
2022,house,NJ,5,4.0,1108048880,2022-09-15
2022,house,NJ,6,8.0,1108048880,2022-09-15
2022,house,NJ,7,-1.0,1108048880,2022-09-15
2022,house,NJ,8,22.0,1108048880,2022-09-15
2022,house,NJ,9,8.0,1108048880,2022-09-15
2022,house,NJ,10,30.0,1108048880,2022-09-15
2022,house,NJ,11,6.0,1108048880,2022-09-15
2022,house,NJ,12,12.0,1108048880,2022-09-15
2022,house,NM,1,5.0,1108048880,2022-09-15
2022,house,NM,2,1.0,1108048880,2022-09-15
2022,house,NM,3,4.0,1108048880,2022-09-15
2022,house,NV,1,3.0,1108048880,2022-09-15
2022,house,NV,2,-8.0,1108048880,2022-09-15
2022,house,NV,3,1.0,1108048880,2022-09-15
2022,house,NV,4,3.0,1108048880,2022-09-15
2022,house,NY,1,-3.0,1108048880,2022-09-15
2022,house,NY,2,-3.0,1108048880,2022-09-15
2022,house,NY,3,2.0,1108048880,2022-09-15
2022,house,NY,4,5.0,1108048880,2022-09-15
2022,house,NY,5,30.0,1108048880,2022-09-15
2022,house,NY,6,15.0,1108048880,2022-09-15
2022,house,NY,7,31.0,1108048880,2022-09-15
2022,house,NY,8,26.0,1108048880,2022-09-15
2022,house,NY,9,25.0,1108048880,2022-09-15
2022,house,NY,10,35.0,1108048880,2022-09-15
2022,house,NY,11,-6.0,1108048880,2022-09-15
2022,house,NY,12,34.0,1108048880,2022-09-15
2022,house,NY,13,38.0,1108048880,2022-09-15
2022,house,NY,14,28.0,1108048880,2022-09-15
2022,house,NY,15,35.0,1108048880,2022-09-15
2022,house,NY,16,20.0,1108048880,2022-09-15
2022,house,NY,17,3.0,1108048880,2022-09-15
2022,house,NY,18,1.0,1108048880,2022-09-15
2022,house,NY,19,0.0,1108048880,2022-09-15
2022,house,NY,20,7.0,1108048880,2022-09-15
2022,house,NY,21,-9.0,1108048880,2022-09-15
2022,house,NY,22,1.0,1108048880,2022-09-15
2022,house,NY,23,-12.0,1108048880,2022-09-15
2022,house,NY,24,-11.0,1108048880,2022-09-15
2022,house,NY,25,7.0,1108048880,2022-09-15
2022,house,NY,26,9.0,1108048880,2022-09-15
2022,house,OH,1,2.0,1108048880,2022-09-15
2022,house,OH,2,-25.0,1108048880,2022-09-15
2022,house,OH,3,20.0,1108048880,2022-09-15
2022,house,OH,4,-20.0,1108048880,2022-09-15
2022,house,OH,5,-15.0,1108048880,2022-09-15
2022,house,OH,6,-16.0,1108048880,2022-09-15
2022,house,OH,7,-7.0,1108048880,2022-09-15
2022,house,OH,8,-14.0,1108048880,2022-09-15
2022,house,OH,9,-3.0,1108048880,2022-09-15
2022,house,OH,10,-4.0,1108048880,2022-09-15
2022,house,OH,11,28.0,1108048880,2022-09-15
2022,house,OH,12,-18.0,1108048880,2022-09-15
2022,house,OH,13,-1.0,1108048880,2022-09-15
2022,house,OH,14,-9.0,1108048880,2022-09-15
2022,house,OH,15,-6.0,1108048880,2022-09-15
2022,house,OK,1,-14.0,1108048880,2022-09-15
2022,house,OK,2,-29.0,1108048880,2022-09-15
2022,house,OK,3,-24.0,1108048880,2022-09-15
2022,house,OK,4,-19.0,1108048880,2022-09-15
2022,house,OK,5,-12.0,1108048880,2022-09-15
2022,house,OR,1,18.0,1108048880,2022-09-15
2022,house,OR,2,-15.0,1108048880,2022-09-15
2022,house,OR,3,22.0,1108048880,2022-09-15
2022,house,OR,4,4.0,1108048880,2022-09-15
2022,house,OR,5,2.0,1108048880,2022-09-15
2022,house,OR,6,4.0,1108048880,2022-09-15
2022,house,PA,1,0.0,1108048880,2022-09-15
2022,house,PA,2,20.0,1108048880,2022-09-15
2022,house,PA,3,39.0,1108048880,2022-09-15
2022,house,PA,4,7.0,1108048880,2022-09-15
2022,house,PA,5,14.0,1108048880,2022-09-15
2022,house,PA,6,5.0,1108048880,2022-09-15
2022,house,PA,7,-2.0,1108048880,2022-09-15
2022,house,PA,8,-4.0,1108048880,2022-09-15
2022,house,PA,9,-21.0,1108048880,2022-09-15
2022,house,PA,10,-5.0,1108048880,2022-09-15
2022,house,PA,11,-13.0,1108048880,2022-09-15
2022,house,PA,12,8.0,1108048880,2022-09-15
2022,house,PA,13,-25.0,1108048880,2022-09-15
2022,house,PA,14,-18.0,1108048880,2022-09-15
2022,house,PA,15,-21.0,1108048880,2022-09-15
2022,house,PA,16,-13.0,1108048880,2022-09-15
2022,house,PA,17,0.0,1108048880,2022-09-15
2022,house,RI,1,12.0,1108048880,2022-09-15
2022,house,RI,2,4.0,1108048880,2022-09-15
2022,house,SC,1,-7.0,1108048880,2022-09-15
2022,house,SC,2,-8.0,1108048880,2022-09-15
2022,house,SC,3,-21.0,1108048880,2022-09-15
2022,house,SC,4,-12.0,1108048880,2022-09-15
2022,house,SC,5,-12.0,1108048880,2022-09-15
2022,house,SC,6,14.0,1108048880,2022-09-15
2022,house,SC,7,-11.0,1108048880,2022-09-15
2022,house,SD,1,-16.0,1108048880,2022-09-15
2022,house,TN,1,-30.0,1108048880,2022-09-15
2022,house,TN,2,-18.0,1108048880,2022-09-15
2022,house,TN,3,-19.0,1108048880,2022-09-15
2022,house,TN,4,-22.0,1108048880,2022-09-15
2022,house,TN,5,-9.0,1108048880,2022-09-15
2022,house,TN,6,-17.0,1108048880,2022-09-15
2022,house,TN,7,-10.0,1108048880,2022-09-15
2022,house,TN,8,-21.0,1108048880,2022-09-15
2022,house,TN,9,22.0,1108048880,2022-09-15
2022,house,TX,1,-26.0,1108048880,2022-09-15
2022,house,TX,2,-15.0,1108048880,2022-09-15
2022,house,TX,3,-11.0,1108048880,2022-09-15
2022,house,TX,4,-16.0,1108048880,2022-09-15
2022,house,TX,5,-14.0,1108048880,2022-09-15
2022,house,TX,6,-15.0,1108048880,2022-09-15
2022,house,TX,7,13.0,1108048880,2022-09-15
2022,house,TX,8,-16.0,1108048880,2022-09-15
2022,house,TX,9,26.0,1108048880,2022-09-15
2022,house,TX,10,-13.0,1108048880,2022-09-15
2022,house,TX,11,-23.0,1108048880,2022-09-15
2022,house,TX,12,-12.0,1108048880,2022-09-15
2022,house,TX,13,-26.0,1108048880,2022-09-15
2022,house,TX,14,-17.0,1108048880,2022-09-15
2022,house,TX,15,-1.0,1108048880,2022-09-15
2022,house,TX,16,17.0,1108048880,2022-09-15
2022,house,TX,17,-14.0,1108048880,2022-09-15
2022,house,TX,18,23.0,1108048880,2022-09-15
2022,house,TX,19,-26.0,1108048880,2022-09-15
2022,house,TX,20,15.0,1108048880,2022-09-15
2022,house,TX,21,-13.0,1108048880,2022-09-15
2022,house,TX,22,-11.0,1108048880,2022-09-15
2022,house,TX,23,-5.0,1108048880,2022-09-15
2022,house,TX,24,-10.0,1108048880,2022-09-15
2022,house,TX,25,-19.0,1108048880,2022-09-15
2022,house,TX,26,-13.0,1108048880,2022-09-15
2022,house,TX,27,-13.0,1108048880,2022-09-15
2022,house,TX,28,3.0,1108048880,2022-09-15
2022,house,TX,29,18.0,1108048880,2022-09-15
2022,house,TX,30,27.0,1108048880,2022-09-15
2022,house,TX,31,-14.0,1108048880,2022-09-15
2022,house,TX,32,14.0,1108048880,2022-09-15
2022,house,TX,33,24.0,1108048880,2022-09-15
2022,house,TX,34,9.0,1108048880,2022-09-15
2022,house,TX,35,21.0,1108048880,2022-09-15
2022,house,TX,36,-18.0,1108048880,2022-09-15
2022,house,TX,37,24.0,1108048880,2022-09-15
2022,house,TX,38,-12.0,1108048880,2022-09-15
2022,house,UT,1,-12.0,1108048880,2022-09-15
2022,house,UT,2,-11.0,1108048880,2022-09-15
2022,house,UT,3,-13.0,1108048880,2022-09-15
2022,house,UT,4,-16.0,1108048880,2022-09-15
2022,house,VA,1,-6.0,1108048880,2022-09-15
2022,house,VA,2,-2.0,1108048880,2022-09-15
2022,house,VA,3,17.0,1108048880,2022-09-15
2022,house,VA,4,16.0,1108048880,2022-09-15
2022,house,VA,5,-7.0,1108048880,2022-09-15
2022,house,VA,6,-14.0,1108048880,2022-09-15
2022,house,VA,7,1.0,1108048880,2022-09-15
2022,house,VA,8,26.0,1108048880,2022-09-15
2022,house,VA,9,-23.0,1108048880,2022-09-15
2022,house,VA,10,6.0,1108048880,2022-09-15
2022,house,VA,11,18.0,1108048880,2022-09-15
2022,house,VT,1,16.0,1108048880,2022-09-15
2022,house,WA,1,13.0,1108048880,2022-09-15
2022,house,WA,2,9.0,1108048880,2022-09-15
2022,house,WA,3,-5.0,1108048880,2022-09-15
2022,house,WA,4,-11.0,1108048880,2022-09-15
2022,house,WA,5,-8.0,1108048880,2022-09-15
2022,house,WA,6,6.0,1108048880,2022-09-15
2022,house,WA,7,36.0,1108048880,2022-09-15
2022,house,WA,8,1.0,1108048880,2022-09-15
2022,house,WA,9,21.0,1108048880,2022-09-15
2022,house,WA,10,7.0,1108048880,2022-09-15
2022,house,WI,1,-3.0,1108048880,2022-09-15
2022,house,WI,2,19.0,1108048880,2022-09-15
2022,house,WI,3,-4.0,1108048880,2022-09-15
2022,house,WI,4,25.0,1108048880,2022-09-15
2022,house,WI,5,-14.0,1108048880,2022-09-15
2022,house,WI,6,-10.0,1108048880,2022-09-15
2022,house,WI,7,-12.0,1108048880,2022-09-15
2022,house,WI,8,-10.0,1108048880,2022-09-15
2022,house,WV,1,-23.0,1108048880,2022-09-15
2022,house,WV,2,-22.0,1108048880,2022-09-15
2022,house,WY,1,-25.0,1108048880,2022-09-15
2022,state,AK,,-8.0,1108048880,2022-09-15
2022,state,AL,,-15.0,1108048880,2022-09-15
2022,state,AR,,-16.0,1108048880,2022-09-15
2022,state,AZ,,-2.0,1108048880,2022-09-15
2022,state,CA,,13.0,1108048880,2022-09-15
2022,state,CO,,4.0,1108048880,2022-09-15
2022,state,CT,,7.0,1108048880,2022-09-15
2022,state,DE,,7.0,1108048880,2022-09-15
2022,state,FL,,-3.0,1108048880,2022-09-15
2022,state,GA,,-3.0,1108048880,2022-09-15
2022,state,HI,,14.0,1108048880,2022-09-15
2022,state,IA,,-6.0,1108048880,2022-09-15
2022,state,ID,,-18.0,1108048880,2022-09-15
2022,state,IL,,7.0,1108048880,2022-09-15
2022,state,IN,,-11.0,1108048880,2022-09-15
2022,state,KS,,-10.0,1108048880,2022-09-15
2022,state,KY,,-16.0,1108048880,2022-09-15
2022,state,LA,,-12.0,1108048880,2022-09-15
2022,state,MA,,15.0,1108048880,2022-09-15
2022,state,MD,,14.0,1108048880,2022-09-15
2022,state,ME,,2.0,1108048880,2022-09-15
2022,state,MI,,-1.0,1108048880,2022-09-15
2022,state,MN,,1.0,1108048880,2022-09-15
2022,state,MO,,-10.0,1108048880,2022-09-15
2022,state,MS,,-11.0,1108048880,2022-09-15
2022,state,MT,,-11.0,1108048880,2022-09-15
2022,state,NC,,-3.0,1108048880,2022-09-15
2022,state,ND,,-20.0,1108048880,2022-09-15
2022,state,NE,,-13.0,1108048880,2022-09-15
2022,state,NH,,1.0,1108048880,2022-09-15
2022,state,NJ,,6.0,1108048880,2022-09-15
2022,state,NM,,3.0,1108048880,2022-09-15
2022,state,NV,,-1.0,1108048880,2022-09-15
2022,state,NY,,10.0,1108048880,2022-09-15
2022,state,OH,,-6.0,1108048880,2022-09-15
2022,state,OK,,-20.0,1108048880,2022-09-15
2022,state,OR,,6.0,1108048880,2022-09-15
2022,state,PA,,-2.0,1108048880,2022-09-15
2022,state,RI,,8.0,1108048880,2022-09-15
2022,state,SC,,-8.0,1108048880,2022-09-15
2022,state,SD,,-16.0,1108048880,2022-09-15
2022,state,TN,,-14.0,1108048880,2022-09-15
2022,state,TX,,-5.0,1108048880,2022-09-15
2022,state,UT,,-13.0,1108048880,2022-09-15
2022,state,VA,,3.0,1108048880,2022-09-15
2022,state,VT,,16.0,1108048880,2022-09-15
2022,state,WA,,8.0,1108048880,2022-09-15
2022,state,WI,,-2.0,1108048880,2022-09-15
2022,state,WV,,-22.0,1108048880,2022-09-15
2022,state,WY,,-25.0,1108048880,2022-09-15
2024,house,AK,1,-8.0,1244775811,2024-09-15
2024,house,AL,1,-16.0,1244775811,2024-09-15
2024,house,AL,2,-17.0,1244775811,2024-09-15
2024,house,AL,3,-19.0,1244775811,2024-09-15
2024,house,AL,4,-33.0,1244775811,2024-09-15
2024,house,AL,5,-17.0,1244775811,2024-09-15
2024,house,AL,6,-18.0,1244775811,2024-09-15
2024,house,AL,7,14.0,1244775811,2024-09-15
2024,house,AR,1,-22.0,1244775811,2024-09-15
2024,house,AR,2,-9.0,1244775811,2024-09-15
2024,house,AR,3,-15.0,1244775811,2024-09-15
2024,house,AR,4,-20.0,1244775811,2024-09-15
2024,house,AZ,1,-2.0,1244775811,2024-09-15
2024,house,AZ,2,-6.0,1244775811,2024-09-15
2024,house,AZ,3,24.0,1244775811,2024-09-15
2024,house,AZ,4,2.0,1244775811,2024-09-15
2024,house,AZ,5,-11.0,1244775811,2024-09-15
2024,house,AZ,6,-3.0,1244775811,2024-09-15
2024,house,AZ,7,15.0,1244775811,2024-09-15
2024,house,AZ,8,-10.0,1244775811,2024-09-15
2024,house,AZ,9,-16.0,1244775811,2024-09-15
2024,house,CA,1,-12.0,1244775811,2024-09-15
2024,house,CA,2,23.0,1244775811,2024-09-15
2024,house,CA,3,-4.0,1244775811,2024-09-15
2024,house,CA,4,17.0,1244775811,2024-09-15
2024,house,CA,5,-9.0,1244775811,2024-09-15
2024,house,CA,6,7.0,1244775811,2024-09-15
2024,house,CA,7,17.0,1244775811,2024-09-15
2024,house,CA,8,26.0,1244775811,2024-09-15
2024,house,CA,9,5.0,1244775811,2024-09-15
2024,house,CA,10,18.0,1244775811,2024-09-15
2024,house,CA,11,37.0,1244775811,2024-09-15
2024,house,CA,12,40.0,1244775811,2024-09-15
2024,house,CA,13,4.0,1244775811,2024-09-15
2024,house,CA,14,22.0,1244775811,2024-09-15
2024,house,CA,15,28.0,1244775811,2024-09-15
2024,house,CA,16,26.0,1244775811,2024-09-15
2024,house,CA,17,23.0,1244775811,2024-09-15
2024,house,CA,18,21.0,1244775811,2024-09-15
2024,house,CA,19,18.0,1244775811,2024-09-15
2024,house,CA,20,-16.0,1244775811,2024-09-15
2024,house,CA,21,9.0,1244775811,2024-09-15
2024,house,CA,22,5.0,1244775811,2024-09-15
2024,house,CA,23,-8.0,1244775811,2024-09-15
2024,house,CA,24,13.0,1244775811,2024-09-15
2024,house,CA,25,6.0,1244775811,2024-09-15
2024,house,CA,26,8.0,1244775811,2024-09-15
2024,house,CA,27,4.0,1244775811,2024-09-15
2024,house,CA,28,16.0,1244775811,2024-09-15
2024,house,CA,29,26.0,1244775811,2024-09-15
2024,house,CA,30,23.0,1244775811,2024-09-15
2024,house,CA,31,15.0,1244775811,2024-09-15
2024,house,CA,32,20.0,1244775811,2024-09-15
2024,house,CA,33,12.0,1244775811,2024-09-15
2024,house,CA,34,32.0,1244775811,2024-09-15
2024,house,CA,35,13.0,1244775811,2024-09-15
2024,house,CA,36,21.0,1244775811,2024-09-15
2024,house,CA,37,37.0,1244775811,2024-09-15
2024,house,CA,38,14.0,1244775811,2024-09-15
2024,house,CA,39,12.0,1244775811,2024-09-15
2024,house,CA,40,-2.0,1244775811,2024-09-15
2024,house,CA,41,-3.0,1244775811,2024-09-15
2024,house,CA,42,22.0,1244775811,2024-09-15
2024,house,CA,43,32.0,1244775811,2024-09-15
2024,house,CA,44,24.0,1244775811,2024-09-15
2024,house,CA,45,2.0,1244775811,2024-09-15
2024,house,CA,46,15.0,1244775811,2024-09-15
2024,house,CA,47,3.0,1244775811,2024-09-15
2024,house,CA,48,-9.0,1244775811,2024-09-15
2024,house,CA,49,3.0,1244775811,2024-09-15
2024,house,CA,50,14.0,1244775811,2024-09-15
2024,house,CA,51,12.0,1244775811,2024-09-15
2024,house,CA,52,18.0,1244775811,2024-09-15
2024,house,CO,1,29.0,1244775811,2024-09-15
2024,house,CO,2,17.0,1244775811,2024-09-15
2024,house,CO,3,-7.0,1244775811,2024-09-15
2024,house,CO,4,-13.0,1244775811,2024-09-15
2024,house,CO,5,-9.0,1244775811,2024-09-15
2024,house,CO,6,9.0,1244775811,2024-09-15
2024,house,CO,7,4.0,1244775811,2024-09-15
2024,house,CO,8,0.0,1244775811,2024-09-15
2024,house,CT,1,12.0,1244775811,2024-09-15
2024,house,CT,2,3.0,1244775811,2024-09-15
2024,house,CT,3,7.0,1244775811,2024-09-15
2024,house,CT,4,13.0,1244775811,2024-09-15
2024,house,CT,5,3.0,1244775811,2024-09-15
2024,house,DE,1,7.0,1244775811,2024-09-15
2024,house,FL,1,-19.0,1244775811,2024-09-15
2024,house,FL,2,-8.0,1244775811,2024-09-15
2024,house,FL,3,-9.0,1244775811,2024-09-15
2024,house,FL,4,-6.0,1244775811,2024-09-15
2024,house,FL,5,-11.0,1244775811,2024-09-15
2024,house,FL,6,-14.0,1244775811,2024-09-15
2024,house,FL,7,-5.0,1244775811,2024-09-15
2024,house,FL,8,-11.0,1244775811,2024-09-15
2024,house,FL,9,8.0,1244775811,2024-09-15
2024,house,FL,10,14.0,1244775811,2024-09-15
2024,house,FL,11,-8.0,1244775811,2024-09-15
2024,house,FL,12,-17.0,1244775811,2024-09-15
2024,house,FL,13,-6.0,1244775811,2024-09-15
2024,house,FL,14,8.0,1244775811,2024-09-15
2024,house,FL,15,-4.0,1244775811,2024-09-15
2024,house,FL,16,-7.0,1244775811,2024-09-15
2024,house,FL,17,-10.0,1244775811,2024-09-15
2024,house,FL,18,-13.0,1244775811,2024-09-15
2024,house,FL,19,-13.0,1244775811,2024-09-15
2024,house,FL,20,25.0,1244775811,2024-09-15
2024,house,FL,21,-7.0,1244775811,2024-09-15
2024,house,FL,22,7.0,1244775811,2024-09-15
2024,house,FL,23,5.0,1244775811,2024-09-15
2024,house,FL,24,25.0,1244775811,2024-09-15
2024,house,FL,25,9.0,1244775811,2024-09-15
2024,house,FL,26,-8.0,1244775811,2024-09-15
2024,house,FL,27,0.0,1244775811,2024-09-15
2024,house,FL,28,-2.0,1244775811,2024-09-15
2024,house,GA,1,-9.0,1244775811,2024-09-15
2024,house,GA,2,3.0,1244775811,2024-09-15
2024,house,GA,3,-18.0,1244775811,2024-09-15
2024,house,GA,4,27.0,1244775811,2024-09-15
2024,house,GA,5,32.0,1244775811,2024-09-15
2024,house,GA,6,-11.0,1244775811,2024-09-15
2024,house,GA,7,10.0,1244775811,2024-09-15
2024,house,GA,8,-16.0,1244775811,2024-09-15
2024,house,GA,9,-22.0,1244775811,2024-09-15
2024,house,GA,10,-15.0,1244775811,2024-09-15
2024,house,GA,11,-11.0,1244775811,2024-09-15
2024,house,GA,12,-8.0,1244775811,2024-09-15
2024,house,GA,13,28.0,1244775811,2024-09-15
2024,house,GA,14,-22.0,1244775811,2024-09-15
2024,house,HI,1,14.0,1244775811,2024-09-15
2024,house,HI,2,14.0,1244775811,2024-09-15
2024,house,IA,1,-3.0,1244775811,2024-09-15
2024,house,IA,2,-4.0,1244775811,2024-09-15
2024,house,IA,3,-3.0,1244775811,2024-09-15
2024,house,IA,4,-16.0,1244775811,2024-09-15
2024,house,ID,1,-22.0,1244775811,2024-09-15
2024,house,ID,2,-14.0,1244775811,2024-09-15
2024,house,IL,1,20.0,1244775811,2024-09-15
2024,house,IL,2,19.0,1244775811,2024-09-15
2024,house,IL,3,20.0,1244775811,2024-09-15
2024,house,IL,4,22.0,1244775811,2024-09-15
2024,house,IL,5,18.0,1244775811,2024-09-15
2024,house,IL,6,3.0,1244775811,2024-09-15
2024,house,IL,7,36.0,1244775811,2024-09-15
2024,house,IL,8,6.0,1244775811,2024-09-15
2024,house,IL,9,19.0,1244775811,2024-09-15
2024,house,IL,10,11.0,1244775811,2024-09-15
2024,house,IL,11,5.0,1244775811,2024-09-15
2024,house,IL,12,-24.0,1244775811,2024-09-15
2024,house,IL,13,3.0,1244775811,2024-09-15
2024,house,IL,14,4.0,1244775811,2024-09-15
2024,house,IL,15,-22.0,1244775811,2024-09-15
2024,house,IL,16,-13.0,1244775811,2024-09-15
2024,house,IL,17,2.0,1244775811,2024-09-15
2024,house,IN,1,3.0,1244775811,2024-09-15
2024,house,IN,2,-14.0,1244775811,2024-09-15
2024,house,IN,3,-18.0,1244775811,2024-09-15
2024,house,IN,4,-18.0,1244775811,2024-09-15
2024,house,IN,5,-11.0,1244775811,2024-09-15
2024,house,IN,6,-19.0,1244775811,2024-09-15
2024,house,IN,7,19.0,1244775811,2024-09-15
2024,house,IN,8,-19.0,1244775811,2024-09-15
2024,house,IN,9,-16.0,1244775811,2024-09-15
2024,house,KS,1,-18.0,1244775811,2024-09-15
2024,house,KS,2,-11.0,1244775811,2024-09-15
2024,house,KS,3,-1.0,1244775811,2024-09-15
2024,house,KS,4,-14.0,1244775811,2024-09-15
2024,house,KY,1,-24.0,1244775811,2024-09-15
2024,house,KY,2,-21.0,1244775811,2024-09-15
2024,house,KY,3,9.0,1244775811,2024-09-15
2024,house,KY,4,-19.0,1244775811,2024-09-15
2024,house,KY,5,-32.0,1244775811,2024-09-15
2024,house,KY,6,-9.0,1244775811,2024-09-15
2024,house,LA,1,-23.0,1244775811,2024-09-15
2024,house,LA,2,25.0,1244775811,2024-09-15
2024,house,LA,3,-21.0,1244775811,2024-09-15
2024,house,LA,4,-14.0,1244775811,2024-09-15
2024,house,LA,5,-17.0,1244775811,2024-09-15
2024,house,LA,6,-19.0,1244775811,2024-09-15
2024,house,MA,1,9.0,1244775811,2024-09-15
2024,house,MA,2,13.0,1244775811,2024-09-15
2024,house,MA,3,11.0,1244775811,2024-09-15
2024,house,MA,4,12.0,1244775811,2024-09-15
2024,house,MA,5,23.0,1244775811,2024-09-15
2024,house,MA,6,11.0,1244775811,2024-09-15
2024,house,MA,7,35.0,1244775811,2024-09-15
2024,house,MA,8,15.0,1244775811,2024-09-15
2024,house,MA,9,6.0,1244775811,2024-09-15
2024,house,MD,1,-11.0,1244775811,2024-09-15
2024,house,MD,2,7.0,1244775811,2024-09-15
2024,house,MD,3,10.0,1244775811,2024-09-15
2024,house,MD,4,40.0,1244775811,2024-09-15
2024,house,MD,5,15.0,1244775811,2024-09-15
2024,house,MD,6,2.0,1244775811,2024-09-15
2024,house,MD,7,30.0,1244775811,2024-09-15
2024,house,MD,8,29.0,1244775811,2024-09-15
2024,house,ME,1,9.0,1244775811,2024-09-15
2024,house,ME,2,-6.0,1244775811,2024-09-15
2024,house,MI,1,-13.0,1244775811,2024-09-15
2024,house,MI,2,-16.0,1244775811,2024-09-15
2024,house,MI,3,1.0,1244775811,2024-09-15
2024,house,MI,4,-5.0,1244775811,2024-09-15
2024,house,MI,5,-15.0,1244775811,2024-09-15
2024,house,MI,6,11.0,1244775811,2024-09-15
2024,house,MI,7,-2.0,1244775811,2024-09-15
2024,house,MI,8,-1.0,1244775811,2024-09-15
2024,house,MI,9,-18.0,1244775811,2024-09-15
2024,house,MI,10,-3.0,1244775811,2024-09-15
2024,house,MI,11,7.0,1244775811,2024-09-15
2024,house,MI,12,23.0,1244775811,2024-09-15
2024,house,MI,13,23.0,1244775811,2024-09-15
2024,house,MN,1,-7.0,1244775811,2024-09-15
2024,house,MN,2,1.0,1244775811,2024-09-15
2024,house,MN,3,8.0,1244775811,2024-09-15
2024,house,MN,4,17.0,1244775811,2024-09-15
2024,house,MN,5,30.0,1244775811,2024-09-15
2024,house,MN,6,-12.0,1244775811,2024-09-15
2024,house,MN,7,-19.0,1244775811,2024-09-15
2024,house,MN,8,-8.0,1244775811,2024-09-15
2024,house,MO,1,27.0,1244775811,2024-09-15
2024,house,MO,2,-7.0,1244775811,2024-09-15
2024,house,MO,3,-16.0,1244775811,2024-09-15
2024,house,MO,4,-23.0,1244775811,2024-09-15
2024,house,MO,5,11.0,1244775811,2024-09-15
2024,house,MO,6,-21.0,1244775811,2024-09-15
2024,house,MO,7,-24.0,1244775811,2024-09-15
2024,house,MO,8,-28.0,1244775811,2024-09-15
2024,house,MS,1,-18.0,1244775811,2024-09-15
2024,house,MS,2,11.0,1244775811,2024-09-15
2024,house,MS,3,-15.0,1244775811,2024-09-15
2024,house,MS,4,-22.0,1244775811,2024-09-15
2024,house,MT,1,-6.0,1244775811,2024-09-15
2024,house,MT,2,-16.0,1244775811,2024-09-15
2024,house,NC,1,2.0,1244775811,2024-09-15
2024,house,NC,2,12.0,1244775811,2024-09-15
2024,house,NC,3,-15.0,1244775811,2024-09-15
2024,house,NC,4,16.0,1244775811,2024-09-15
2024,house,NC,5,-13.0,1244775811,2024-09-15
2024,house,NC,6,4.0,1244775811,2024-09-15
2024,house,NC,7,-8.0,1244775811,2024-09-15
2024,house,NC,8,-20.0,1244775811,2024-09-15
2024,house,NC,9,-6.0,1244775811,2024-09-15
2024,house,NC,10,-22.0,1244775811,2024-09-15
2024,house,NC,11,-8.0,1244775811,2024-09-15
2024,house,NC,12,13.0,1244775811,2024-09-15
2024,house,NC,13,-2.0,1244775811,2024-09-15
2024,house,NC,14,6.0,1244775811,2024-09-15
2024,house,ND,1,-20.0,1244775811,2024-09-15
2024,house,NE,1,-9.0,1244775811,2024-09-15
2024,house,NE,2,0.0,1244775811,2024-09-15
2024,house,NE,3,-29.0,1244775811,2024-09-15
2024,house,NH,1,0.0,1244775811,2024-09-15
2024,house,NH,2,2.0,1244775811,2024-09-15
2024,house,NJ,1,10.0,1244775811,2024-09-15
2024,house,NJ,2,-5.0,1244775811,2024-09-15
2024,house,NJ,3,5.0,1244775811,2024-09-15
2024,house,NJ,4,-14.0,1244775811,2024-09-15
2024,house,NJ,5,4.0,1244775811,2024-09-15
2024,house,NJ,6,8.0,1244775811,2024-09-15
2024,house,NJ,7,-1.0,1244775811,2024-09-15
2024,house,NJ,8,22.0,1244775811,2024-09-15
2024,house,NJ,9,8.0,1244775811,2024-09-15
2024,house,NJ,10,30.0,1244775811,2024-09-15
2024,house,NJ,11,6.0,1244775811,2024-09-15
2024,house,NJ,12,12.0,1244775811,2024-09-15
2024,house,NM,1,5.0,1244775811,2024-09-15
2024,house,NM,2,1.0,1244775811,2024-09-15
2024,house,NM,3,4.0,1244775811,2024-09-15
2024,house,NV,1,3.0,1244775811,2024-09-15
2024,house,NV,2,-8.0,1244775811,2024-09-15
2024,house,NV,3,1.0,1244775811,2024-09-15
2024,house,NV,4,3.0,1244775811,2024-09-15
2024,house,NY,1,-3.0,1244775811,2024-09-15
2024,house,NY,2,-3.0,1244775811,2024-09-15
2024,house,NY,3,2.0,1244775811,2024-09-15
2024,house,NY,4,5.0,1244775811,2024-09-15
2024,house,NY,5,30.0,1244775811,2024-09-15
2024,house,NY,6,15.0,1244775811,2024-09-15
2024,house,NY,7,31.0,1244775811,2024-09-15
2024,house,NY,8,26.0,1244775811,2024-09-15
2024,house,NY,9,25.0,1244775811,2024-09-15
2024,house,NY,10,35.0,1244775811,2024-09-15
2024,house,NY,11,-6.0,1244775811,2024-09-15
2024,house,NY,12,34.0,1244775811,2024-09-15
2024,house,NY,13,38.0,1244775811,2024-09-15
2024,house,NY,14,28.0,1244775811,2024-09-15
2024,house,NY,15,35.0,1244775811,2024-09-15
2024,house,NY,16,20.0,1244775811,2024-09-15
2024,house,NY,17,3.0,1244775811,2024-09-15
2024,house,NY,18,1.0,1244775811,2024-09-15
2024,house,NY,19,0.0,1244775811,2024-09-15
2024,house,NY,20,7.0,1244775811,2024-09-15
2024,house,NY,21,-9.0,1244775811,2024-09-15
2024,house,NY,22,1.0,1244775811,2024-09-15
2024,house,NY,23,-12.0,1244775811,2024-09-15
2024,house,NY,24,-11.0,1244775811,2024-09-15
2024,house,NY,25,7.0,1244775811,2024-09-15
2024,house,NY,26,9.0,1244775811,2024-09-15
2024,house,OH,1,2.0,1244775811,2024-09-15
2024,house,OH,2,-25.0,1244775811,2024-09-15
2024,house,OH,3,20.0,1244775811,2024-09-15
2024,house,OH,4,-20.0,1244775811,2024-09-15
2024,house,OH,5,-15.0,1244775811,2024-09-15
2024,house,OH,6,-16.0,1244775811,2024-09-15
2024,house,OH,7,-7.0,1244775811,2024-09-15
2024,house,OH,8,-14.0,1244775811,2024-09-15
2024,house,OH,9,-3.0,1244775811,2024-09-15
2024,house,OH,10,-4.0,1244775811,2024-09-15
2024,house,OH,11,28.0,1244775811,2024-09-15
2024,house,OH,12,-18.0,1244775811,2024-09-15
2024,house,OH,13,-1.0,1244775811,2024-09-15
2024,house,OH,14,-9.0,1244775811,2024-09-15
2024,house,OH,15,-6.0,1244775811,2024-09-15
2024,house,OK,1,-14.0,1244775811,2024-09-15
2024,house,OK,2,-29.0,1244775811,2024-09-15
2024,house,OK,3,-24.0,1244775811,2024-09-15
2024,house,OK,4,-19.0,1244775811,2024-09-15
2024,house,OK,5,-12.0,1244775811,2024-09-15
2024,house,OR,1,18.0,1244775811,2024-09-15
2024,house,OR,2,-15.0,1244775811,2024-09-15
2024,house,OR,3,22.0,1244775811,2024-09-15
2024,house,OR,4,4.0,1244775811,2024-09-15
2024,house,OR,5,2.0,1244775811,2024-09-15
2024,house,OR,6,4.0,1244775811,2024-09-15
2024,house,PA,1,0.0,1244775811,2024-09-15
2024,house,PA,2,20.0,1244775811,2024-09-15
2024,house,PA,3,39.0,1244775811,2024-09-15
2024,house,PA,4,7.0,1244775811,2024-09-15
2024,house,PA,5,14.0,1244775811,2024-09-15
2024,house,PA,6,5.0,1244775811,2024-09-15
2024,house,PA,7,-2.0,1244775811,2024-09-15
2024,house,PA,8,-4.0,1244775811,2024-09-15
2024,house,PA,9,-21.0,1244775811,2024-09-15
2024,house,PA,10,-5.0,1244775811,2024-09-15
2024,house,PA,11,-13.0,1244775811,2024-09-15
2024,house,PA,12,8.0,1244775811,2024-09-15
2024,house,PA,13,-25.0,1244775811,2024-09-15
2024,house,PA,14,-18.0,1244775811,2024-09-15
2024,house,PA,15,-21.0,1244775811,2024-09-15
2024,house,PA,16,-13.0,1244775811,2024-09-15
2024,house,PA,17,0.0,1244775811,2024-09-15
2024,house,RI,1,12.0,1244775811,2024-09-15
2024,house,RI,2,4.0,1244775811,2024-09-15
2024,house,SC,1,-7.0,1244775811,2024-09-15
2024,house,SC,2,-8.0,1244775811,2024-09-15
2024,house,SC,3,-21.0,1244775811,2024-09-15
2024,house,SC,4,-12.0,1244775811,2024-09-15
2024,house,SC,5,-12.0,1244775811,2024-09-15
2024,house,SC,6,14.0,1244775811,2024-09-15
2024,house,SC,7,-11.0,1244775811,2024-09-15
2024,house,SD,1,-16.0,1244775811,2024-09-15
2024,house,TN,1,-30.0,1244775811,2024-09-15
2024,house,TN,2,-18.0,1244775811,2024-09-15
2024,house,TN,3,-19.0,1244775811,2024-09-15
2024,house,TN,4,-22.0,1244775811,2024-09-15
2024,house,TN,5,-9.0,1244775811,2024-09-15
2024,house,TN,6,-17.0,1244775811,2024-09-15
2024,house,TN,7,-10.0,1244775811,2024-09-15
2024,house,TN,8,-21.0,1244775811,2024-09-15
2024,house,TN,9,22.0,1244775811,2024-09-15
2024,house,TX,1,-26.0,1244775811,2024-09-15
2024,house,TX,2,-15.0,1244775811,2024-09-15
2024,house,TX,3,-11.0,1244775811,2024-09-15
2024,house,TX,4,-16.0,1244775811,2024-09-15
2024,house,TX,5,-14.0,1244775811,2024-09-15
2024,house,TX,6,-15.0,1244775811,2024-09-15
2024,house,TX,7,13.0,1244775811,2024-09-15
2024,house,TX,8,-16.0,1244775811,2024-09-15
2024,house,TX,9,26.0,1244775811,2024-09-15
2024,house,TX,10,-13.0,1244775811,2024-09-15
2024,house,TX,11,-23.0,1244775811,2024-09-15
2024,house,TX,12,-12.0,1244775811,2024-09-15
2024,house,TX,13,-26.0,1244775811,2024-09-15
2024,house,TX,14,-17.0,1244775811,2024-09-15
2024,house,TX,15,-1.0,1244775811,2024-09-15
2024,house,TX,16,17.0,1244775811,2024-09-15
2024,house,TX,17,-14.0,1244775811,2024-09-15
2024,house,TX,18,23.0,1244775811,2024-09-15
2024,house,TX,19,-26.0,1244775811,2024-09-15
2024,house,TX,20,15.0,1244775811,2024-09-15
2024,house,TX,21,-13.0,1244775811,2024-09-15
2024,house,TX,22,-11.0,1244775811,2024-09-15
2024,house,TX,23,-5.0,1244775811,2024-09-15
2024,house,TX,24,-10.0,1244775811,2024-09-15
2024,house,TX,25,-19.0,1244775811,2024-09-15
2024,house,TX,26,-13.0,1244775811,2024-09-15
2024,house,TX,27,-13.0,1244775811,2024-09-15
2024,house,TX,28,3.0,1244775811,2024-09-15
2024,house,TX,29,18.0,1244775811,2024-09-15
2024,house,TX,30,27.0,1244775811,2024-09-15
2024,house,TX,31,-14.0,1244775811,2024-09-15
2024,house,TX,32,14.0,1244775811,2024-09-15
2024,house,TX,33,24.0,1244775811,2024-09-15
2024,house,TX,34,9.0,1244775811,2024-09-15
2024,house,TX,35,21.0,1244775811,2024-09-15
2024,house,TX,36,-18.0,1244775811,2024-09-15
2024,house,TX,37,24.0,1244775811,2024-09-15
2024,house,TX,38,-12.0,1244775811,2024-09-15
2024,house,UT,1,-12.0,1244775811,2024-09-15
2024,house,UT,2,-11.0,1244775811,2024-09-15
2024,house,UT,3,-13.0,1244775811,2024-09-15
2024,house,UT,4,-16.0,1244775811,2024-09-15
2024,house,VA,1,-6.0,1244775811,2024-09-15
2024,house,VA,2,-2.0,1244775811,2024-09-15
2024,house,VA,3,17.0,1244775811,2024-09-15
2024,house,VA,4,16.0,1244775811,2024-09-15
2024,house,VA,5,-7.0,1244775811,2024-09-15
2024,house,VA,6,-14.0,1244775811,2024-09-15
2024,house,VA,7,1.0,1244775811,2024-09-15
2024,house,VA,8,26.0,1244775811,2024-09-15
2024,house,VA,9,-23.0,1244775811,2024-09-15
2024,house,VA,10,6.0,1244775811,2024-09-15
2024,house,VA,11,18.0,1244775811,2024-09-15
2024,house,VT,1,16.0,1244775811,2024-09-15
2024,house,WA,1,13.0,1244775811,2024-09-15
2024,house,WA,2,9.0,1244775811,2024-09-15
2024,house,WA,3,-5.0,1244775811,2024-09-15
2024,house,WA,4,-11.0,1244775811,2024-09-15
2024,house,WA,5,-8.0,1244775811,2024-09-15
2024,house,WA,6,6.0,1244775811,2024-09-15
2024,house,WA,7,36.0,1244775811,2024-09-15
2024,house,WA,8,1.0,1244775811,2024-09-15
2024,house,WA,9,21.0,1244775811,2024-09-15
2024,house,WA,10,7.0,1244775811,2024-09-15
2024,house,WI,1,-3.0,1244775811,2024-09-15
2024,house,WI,2,19.0,1244775811,2024-09-15
2024,house,WI,3,-4.0,1244775811,2024-09-15
2024,house,WI,4,25.0,1244775811,2024-09-15
2024,house,WI,5,-14.0,1244775811,2024-09-15
2024,house,WI,6,-10.0,1244775811,2024-09-15
2024,house,WI,7,-12.0,1244775811,2024-09-15
2024,house,WI,8,-10.0,1244775811,2024-09-15
2024,house,WV,1,-23.0,1244775811,2024-09-15
2024,house,WV,2,-22.0,1244775811,2024-09-15
2024,house,WY,1,-25.0,1244775811,2024-09-15
2024,state,AK,,-8.0,1244775811,2024-09-15
2024,state,AL,,-15.0,1244775811,2024-09-15
2024,state,AR,,-16.0,1244775811,2024-09-15
2024,state,AZ,,-2.0,1244775811,2024-09-15
2024,state,CA,,13.0,1244775811,2024-09-15
2024,state,CO,,4.0,1244775811,2024-09-15
2024,state,CT,,7.0,1244775811,2024-09-15
2024,state,DE,,7.0,1244775811,2024-09-15
2024,state,FL,,-3.0,1244775811,2024-09-15
2024,state,GA,,-3.0,1244775811,2024-09-15
2024,state,HI,,14.0,1244775811,2024-09-15
2024,state,IA,,-6.0,1244775811,2024-09-15
2024,state,ID,,-18.0,1244775811,2024-09-15
2024,state,IL,,7.0,1244775811,2024-09-15
2024,state,IN,,-11.0,1244775811,2024-09-15
2024,state,KS,,-10.0,1244775811,2024-09-15
2024,state,KY,,-16.0,1244775811,2024-09-15
2024,state,LA,,-12.0,1244775811,2024-09-15
2024,state,MA,,15.0,1244775811,2024-09-15
2024,state,MD,,14.0,1244775811,2024-09-15
2024,state,ME,,2.0,1244775811,2024-09-15
2024,state,MI,,-1.0,1244775811,2024-09-15
2024,state,MN,,1.0,1244775811,2024-09-15
2024,state,MO,,-10.0,1244775811,2024-09-15
2024,state,MS,,-11.0,1244775811,2024-09-15
2024,state,MT,,-11.0,1244775811,2024-09-15
2024,state,NC,,-3.0,1244775811,2024-09-15
2024,state,ND,,-20.0,1244775811,2024-09-15
2024,state,NE,,-13.0,1244775811,2024-09-15
2024,state,NH,,1.0,1244775811,2024-09-15
2024,state,NJ,,6.0,1244775811,2024-09-15
2024,state,NM,,3.0,1244775811,2024-09-15
2024,state,NV,,-1.0,1244775811,2024-09-15
2024,state,NY,,10.0,1244775811,2024-09-15
2024,state,OH,,-6.0,1244775811,2024-09-15
2024,state,OK,,-20.0,1244775811,2024-09-15
2024,state,OR,,6.0,1244775811,2024-09-15
2024,state,PA,,-2.0,1244775811,2024-09-15
2024,state,RI,,8.0,1244775811,2024-09-15
2024,state,SC,,-8.0,1244775811,2024-09-15
2024,state,SD,,-16.0,1244775811,2024-09-15
2024,state,TN,,-14.0,1244775811,2024-09-15
2024,state,TX,,-5.0,1244775811,2024-09-15
2024,state,UT,,-13.0,1244775811,2024-09-15
2024,state,VA,,3.0,1244775811,2024-09-15
2024,state,VT,,16.0,1244775811,2024-09-15
2024,state,WA,,8.0,1244775811,2024-09-15
2024,state,WI,,-2.0,1244775811,2024-09-15
2024,state,WV,,-22.0,1244775811,2024-09-15
2024,state,WY,,-25.0,1244775811,2024-09-15
2026,house,AK,1,-6.0,1374239063,2026-09-15
2026,house,AL,1,-17.0,1374239063,2026-09-15
2026,house,AL,2,-7.0,1374239063,2026-09-15
2026,house,AL,3,-23.0,1374239063,2026-09-15
2026,house,AL,4,-33.0,1374239063,2026-09-15
2026,house,AL,5,-15.0,1374239063,2026-09-15
2026,house,AL,6,-17.0,1374239063,2026-09-15
2026,house,AL,7,10.0,1374239063,2026-09-15
2026,house,AR,1,-23.0,1374239063,2026-09-15
2026,house,AR,2,-8.0,1374239063,2026-09-15
2026,house,AR,3,-13.0,1374239063,2026-09-15
2026,house,AR,4,-20.0,1374239063,2026-09-15
2026,house,AZ,1,-1.0,1374239063,2026-09-15
2026,house,AZ,2,-7.0,1374239063,2026-09-15
2026,house,AZ,3,22.0,1374239063,2026-09-15
2026,house,AZ,4,4.0,1374239063,2026-09-15
2026,house,AZ,5,-10.0,1374239063,2026-09-15
2026,house,AZ,6,0.0,1374239063,2026-09-15
2026,house,AZ,7,13.0,1374239063,2026-09-15
2026,house,AZ,8,-8.0,1374239063,2026-09-15
2026,house,AZ,9,-15.0,1374239063,2026-09-15
2026,house,CA,1,7.0,1374239063,2026-09-15
2026,house,CA,2,13.0,1374239063,2026-09-15
2026,house,CA,3,6.0,1374239063,2026-09-15
2026,house,CA,4,8.0,1374239063,2026-09-15
2026,house,CA,5,-10.0,1374239063,2026-09-15
2026,house,CA,6,5.0,1374239063,2026-09-15
2026,house,CA,7,7.0,1374239063,2026-09-15
2026,house,CA,8,19.0,1374239063,2026-09-15
2026,house,CA,9,8.0,1374239063,2026-09-15
2026,house,CA,10,18.0,1374239063,2026-09-15
2026,house,CA,11,36.0,1374239063,2026-09-15
2026,house,CA,12,39.0,1374239063,2026-09-15
2026,house,CA,13,2.0,1374239063,2026-09-15
2026,house,CA,14,19.0,1374239063,2026-09-15
2026,house,CA,15,26.0,1374239063,2026-09-15
2026,house,CA,16,25.0,1374239063,2026-09-15
2026,house,CA,17,21.0,1374239063,2026-09-15
2026,house,CA,18,16.0,1374239063,2026-09-15
2026,house,CA,19,18.0,1374239063,2026-09-15
2026,house,CA,20,-16.0,1374239063,2026-09-15
2026,house,CA,21,5.0,1374239063,2026-09-15
2026,house,CA,22,1.0,1374239063,2026-09-15
2026,house,CA,23,-9.0,1374239063,2026-09-15
2026,house,CA,24,13.0,1374239063,2026-09-15
2026,house,CA,25,4.0,1374239063,2026-09-15
2026,house,CA,26,9.0,1374239063,2026-09-15
2026,house,CA,27,6.0,1374239063,2026-09-15
2026,house,CA,28,14.0,1374239063,2026-09-15
2026,house,CA,29,19.0,1374239063,2026-09-15
2026,house,CA,30,21.0,1374239063,2026-09-15
2026,house,CA,31,8.0,1374239063,2026-09-15
2026,house,CA,32,14.0,1374239063,2026-09-15
2026,house,CA,33,7.0,1374239063,2026-09-15
2026,house,CA,34,28.0,1374239063,2026-09-15
2026,house,CA,35,6.0,1374239063,2026-09-15
2026,house,CA,36,21.0,1374239063,2026-09-15
2026,house,CA,37,33.0,1374239063,2026-09-15
2026,house,CA,38,8.0,1374239063,2026-09-15
2026,house,CA,39,7.0,1374239063,2026-09-15
2026,house,CA,40,-6.0,1374239063,2026-09-15
2026,house,CA,41,9.0,1374239063,2026-09-15
2026,house,CA,42,8.0,1374239063,2026-09-15
2026,house,CA,43,27.0,1374239063,2026-09-15
2026,house,CA,44,20.0,1374239063,2026-09-15
2026,house,CA,45,3.0,1374239063,2026-09-15
2026,house,CA,46,10.0,1374239063,2026-09-15
2026,house,CA,47,6.0,1374239063,2026-09-15
2026,house,CA,48,2.0,1374239063,2026-09-15
2026,house,CA,49,7.0,1374239063,2026-09-15
2026,house,CA,50,10.0,1374239063,2026-09-15
2026,house,CA,51,10.0,1374239063,2026-09-15
2026,house,CA,52,11.0,1374239063,2026-09-15
2026,house,CO,1,29.0,1374239063,2026-09-15
2026,house,CO,2,20.0,1374239063,2026-09-15
2026,house,CO,3,-5.0,1374239063,2026-09-15
2026,house,CO,4,-9.0,1374239063,2026-09-15
2026,house,CO,5,-5.0,1374239063,2026-09-15
2026,house,CO,6,11.0,1374239063,2026-09-15
2026,house,CO,7,8.0,1374239063,2026-09-15
2026,house,CO,8,0.0,1374239063,2026-09-15
2026,house,CT,1,12.0,1374239063,2026-09-15
2026,house,CT,2,4.0,1374239063,2026-09-15
2026,house,CT,3,8.0,1374239063,2026-09-15
2026,house,CT,4,13.0,1374239063,2026-09-15
2026,house,CT,5,3.0,1374239063,2026-09-15
2026,house,DE,1,8.0,1374239063,2026-09-15
2026,house,FL,1,-18.0,1374239063,2026-09-15
2026,house,FL,2,-8.0,1374239063,2026-09-15
2026,house,FL,3,-10.0,1374239063,2026-09-15
2026,house,FL,4,-5.0,1374239063,2026-09-15
2026,house,FL,5,-10.0,1374239063,2026-09-15
2026,house,FL,6,-14.0,1374239063,2026-09-15
2026,house,FL,7,-5.0,1374239063,2026-09-15
2026,house,FL,8,-8.0,1374239063,2026-09-15
2026,house,FL,9,-8.0,1374239063,2026-09-15
2026,house,FL,10,13.0,1374239063,2026-09-15
2026,house,FL,11,-7.0,1374239063,2026-09-15
2026,house,FL,12,-7.0,1374239063,2026-09-15
2026,house,FL,13,-6.0,1374239063,2026-09-15
2026,house,FL,14,-4.0,1374239063,2026-09-15
2026,house,FL,15,-9.0,1374239063,2026-09-15
2026,house,FL,16,-6.0,1374239063,2026-09-15
2026,house,FL,17,-10.0,1374239063,2026-09-15
2026,house,FL,18,-8.0,1374239063,2026-09-15
2026,house,FL,19,-14.0,1374239063,2026-09-15
2026,house,FL,20,20.0,1374239063,2026-09-15
2026,house,FL,21,-7.0,1374239063,2026-09-15
2026,house,FL,22,-4.0,1374239063,2026-09-15
2026,house,FL,23,9.0,1374239063,2026-09-15
2026,house,FL,24,22.0,1374239063,2026-09-15
2026,house,FL,25,-3.0,1374239063,2026-09-15
2026,house,FL,26,-7.0,1374239063,2026-09-15
2026,house,FL,27,-6.0,1374239063,2026-09-15
2026,house,FL,28,-10.0,1374239063,2026-09-15
2026,house,GA,1,-8.0,1374239063,2026-09-15
2026,house,GA,2,4.0,1374239063,2026-09-15
2026,house,GA,3,-15.0,1374239063,2026-09-15
2026,house,GA,4,27.0,1374239063,2026-09-15
2026,house,GA,5,36.0,1374239063,2026-09-15
2026,house,GA,6,25.0,1374239063,2026-09-15
2026,house,GA,7,-11.0,1374239063,2026-09-15
2026,house,GA,8,-15.0,1374239063,2026-09-15
2026,house,GA,9,-17.0,1374239063,2026-09-15
2026,house,GA,10,-11.0,1374239063,2026-09-15
2026,house,GA,11,-12.0,1374239063,2026-09-15
2026,house,GA,12,-7.0,1374239063,2026-09-15
2026,house,GA,13,21.0,1374239063,2026-09-15
2026,house,GA,14,-19.0,1374239063,2026-09-15
2026,house,HI,1,13.0,1374239063,2026-09-15
2026,house,HI,2,12.0,1374239063,2026-09-15
2026,house,IA,1,-4.0,1374239063,2026-09-15
2026,house,IA,2,-4.0,1374239063,2026-09-15
2026,house,IA,3,-2.0,1374239063,2026-09-15
2026,house,IA,4,-15.0,1374239063,2026-09-15
2026,house,ID,1,-22.0,1374239063,2026-09-15
2026,house,ID,2,-13.0,1374239063,2026-09-15
2026,house,IL,1,18.0,1374239063,2026-09-15
2026,house,IL,2,18.0,1374239063,2026-09-15
2026,house,IL,3,17.0,1374239063,2026-09-15
2026,house,IL,4,17.0,1374239063,2026-09-15
2026,house,IL,5,19.0,1374239063,2026-09-15
2026,house,IL,6,3.0,1374239063,2026-09-15
2026,house,IL,7,34.0,1374239063,2026-09-15
2026,house,IL,8,5.0,1374239063,2026-09-15
2026,house,IL,9,19.0,1374239063,2026-09-15
2026,house,IL,10,12.0,1374239063,2026-09-15
2026,house,IL,11,6.0,1374239063,2026-09-15
2026,house,IL,12,-22.0,1374239063,2026-09-15
2026,house,IL,13,5.0,1374239063,2026-09-15
2026,house,IL,14,3.0,1374239063,2026-09-15
2026,house,IL,15,-20.0,1374239063,2026-09-15
2026,house,IL,16,-11.0,1374239063,2026-09-15
2026,house,IL,17,3.0,1374239063,2026-09-15
2026,house,IN,1,1.0,1374239063,2026-09-15
2026,house,IN,2,-13.0,1374239063,2026-09-15
2026,house,IN,3,-16.0,1374239063,2026-09-15
2026,house,IN,4,-15.0,1374239063,2026-09-15
2026,house,IN,5,-8.0,1374239063,2026-09-15
2026,house,IN,6,-16.0,1374239063,2026-09-15
2026,house,IN,7,21.0,1374239063,2026-09-15
2026,house,IN,8,-18.0,1374239063,2026-09-15
2026,house,IN,9,-15.0,1374239063,2026-09-15
2026,house,KS,1,-16.0,1374239063,2026-09-15
2026,house,KS,2,-10.0,1374239063,2026-09-15
2026,house,KS,3,2.0,1374239063,2026-09-15
2026,house,KS,4,-12.0,1374239063,2026-09-15
2026,house,KY,1,-23.0,1374239063,2026-09-15
2026,house,KY,2,-20.0,1374239063,2026-09-15
2026,house,KY,3,10.0,1374239063,2026-09-15
2026,house,KY,4,-18.0,1374239063,2026-09-15
2026,house,KY,5,-32.0,1374239063,2026-09-15
2026,house,KY,6,-7.0,1374239063,2026-09-15
2026,house,LA,1,-20.0,1374239063,2026-09-15
2026,house,LA,2,25.0,1374239063,2026-09-15
2026,house,LA,3,-18.0,1374239063,2026-09-15
2026,house,LA,4,-17.0,1374239063,2026-09-15
2026,house,LA,5,-17.0,1374239063,2026-09-15
2026,house,LA,6,-16.0,1374239063,2026-09-15
2026,house,MA,1,8.0,1374239063,2026-09-15
2026,house,MA,2,13.0,1374239063,2026-09-15
2026,house,MA,3,11.0,1374239063,2026-09-15
2026,house,MA,4,11.0,1374239063,2026-09-15
2026,house,MA,5,24.0,1374239063,2026-09-15
2026,house,MA,6,11.0,1374239063,2026-09-15
2026,house,MA,7,34.0,1374239063,2026-09-15
2026,house,MA,8,15.0,1374239063,2026-09-15
2026,house,MA,9,6.0,1374239063,2026-09-15
2026,house,MD,1,-8.0,1374239063,2026-09-15
2026,house,MD,2,10.0,1374239063,2026-09-15
2026,house,MD,3,12.0,1374239063,2026-09-15
2026,house,MD,4,39.0,1374239063,2026-09-15
2026,house,MD,5,17.0,1374239063,2026-09-15
2026,house,MD,6,3.0,1374239063,2026-09-15
2026,house,MD,7,31.0,1374239063,2026-09-15
2026,house,MD,8,30.0,1374239063,2026-09-15
2026,house,ME,1,11.0,1374239063,2026-09-15
2026,house,ME,2,-4.0,1374239063,2026-09-15
2026,house,MI,1,-11.0,1374239063,2026-09-15
2026,house,MI,2,-15.0,1374239063,2026-09-15
2026,house,MI,3,4.0,1374239063,2026-09-15
2026,house,MI,4,-3.0,1374239063,2026-09-15
2026,house,MI,5,-13.0,1374239063,2026-09-15
2026,house,MI,6,12.0,1374239063,2026-09-15
2026,house,MI,7,0.0,1374239063,2026-09-15
2026,house,MI,8,-1.0,1374239063,2026-09-15
2026,house,MI,9,-16.0,1374239063,2026-09-15
2026,house,MI,10,-3.0,1374239063,2026-09-15
2026,house,MI,11,9.0,1374239063,2026-09-15
2026,house,MI,12,21.0,1374239063,2026-09-15
2026,house,MI,13,22.0,1374239063,2026-09-15
2026,house,MN,1,-6.0,1374239063,2026-09-15
2026,house,MN,2,3.0,1374239063,2026-09-15
2026,house,MN,3,11.0,1374239063,2026-09-15
2026,house,MN,4,18.0,1374239063,2026-09-15
2026,house,MN,5,32.0,1374239063,2026-09-15
2026,house,MN,6,-10.0,1374239063,2026-09-15
2026,house,MN,7,-18.0,1374239063,2026-09-15
2026,house,MN,8,-7.0,1374239063,2026-09-15
2026,house,MO,1,29.0,1374239063,2026-09-15
2026,house,MO,2,-4.0,1374239063,2026-09-15
2026,house,MO,3,-13.0,1374239063,2026-09-15
2026,house,MO,4,-21.0,1374239063,2026-09-15
2026,house,MO,5,12.0,1374239063,2026-09-15
2026,house,MO,6,-19.0,1374239063,2026-09-15
2026,house,MO,7,-21.0,1374239063,2026-09-15
2026,house,MO,8,-27.0,1374239063,2026-09-15
2026,house,MS,1,-18.0,1374239063,2026-09-15
2026,house,MS,2,11.0,1374239063,2026-09-15
2026,house,MS,3,-14.0,1374239063,2026-09-15
2026,house,MS,4,-21.0,1374239063,2026-09-15
2026,house,MT,1,-5.0,1374239063,2026-09-15
2026,house,MT,2,-15.0,1374239063,2026-09-15
2026,house,NC,1,-5.0,1374239063,2026-09-15
2026,house,NC,2,17.0,1374239063,2026-09-15
2026,house,NC,3,-6.0,1374239063,2026-09-15
2026,house,NC,4,23.0,1374239063,2026-09-15
2026,house,NC,5,-9.0,1374239063,2026-09-15
2026,house,NC,6,-9.0,1374239063,2026-09-15
2026,house,NC,7,-7.0,1374239063,2026-09-15
2026,house,NC,8,-10.0,1374239063,2026-09-15
2026,house,NC,9,-8.0,1374239063,2026-09-15
2026,house,NC,10,-9.0,1374239063,2026-09-15
2026,house,NC,11,-5.0,1374239063,2026-09-15
2026,house,NC,12,24.0,1374239063,2026-09-15
2026,house,NC,13,-8.0,1374239063,2026-09-15
2026,house,NC,14,-8.0,1374239063,2026-09-15
2026,house,ND,1,-18.0,1374239063,2026-09-15
2026,house,NE,1,-6.0,1374239063,2026-09-15
2026,house,NE,2,3.0,1374239063,2026-09-15
2026,house,NE,3,-27.0,1374239063,2026-09-15
2026,house,NH,1,2.0,1374239063,2026-09-15
2026,house,NH,2,2.0,1374239063,2026-09-15
2026,house,NJ,1,10.0,1374239063,2026-09-15
2026,house,NJ,2,-5.0,1374239063,2026-09-15
2026,house,NJ,3,5.0,1374239063,2026-09-15
2026,house,NJ,4,-14.0,1374239063,2026-09-15
2026,house,NJ,5,2.0,1374239063,2026-09-15
2026,house,NJ,6,5.0,1374239063,2026-09-15
2026,house,NJ,7,0.0,1374239063,2026-09-15
2026,house,NJ,8,15.0,1374239063,2026-09-15
2026,house,NJ,9,2.0,1374239063,2026-09-15
2026,house,NJ,10,27.0,1374239063,2026-09-15
2026,house,NJ,11,5.0,1374239063,2026-09-15
2026,house,NJ,12,13.0,1374239063,2026-09-15
2026,house,NM,1,7.0,1374239063,2026-09-15
2026,house,NM,2,0.0,1374239063,2026-09-15
2026,house,NM,3,3.0,1374239063,2026-09-15
2026,house,NV,1,2.0,1374239063,2026-09-15
2026,house,NV,2,-7.0,1374239063,2026-09-15
2026,house,NV,3,1.0,1374239063,2026-09-15
2026,house,NV,4,2.0,1374239063,2026-09-15
2026,house,NY,1,-4.0,1374239063,2026-09-15
2026,house,NY,2,-6.0,1374239063,2026-09-15
2026,house,NY,3,0.0,1374239063,2026-09-15
2026,house,NY,4,2.0,1374239063,2026-09-15
2026,house,NY,5,24.0,1374239063,2026-09-15
2026,house,NY,6,6.0,1374239063,2026-09-15
2026,house,NY,7,25.0,1374239063,2026-09-15
2026,house,NY,8,24.0,1374239063,2026-09-15
2026,house,NY,9,22.0,1374239063,2026-09-15
2026,house,NY,10,32.0,1374239063,2026-09-15
2026,house,NY,11,-10.0,1374239063,2026-09-15
2026,house,NY,12,33.0,1374239063,2026-09-15
2026,house,NY,13,32.0,1374239063,2026-09-15
2026,house,NY,14,19.0,1374239063,2026-09-15
2026,house,NY,15,27.0,1374239063,2026-09-15
2026,house,NY,16,18.0,1374239063,2026-09-15
2026,house,NY,17,1.0,1374239063,2026-09-15
2026,house,NY,18,2.0,1374239063,2026-09-15
2026,house,NY,19,1.0,1374239063,2026-09-15
2026,house,NY,20,8.0,1374239063,2026-09-15
2026,house,NY,21,-10.0,1374239063,2026-09-15
2026,house,NY,22,4.0,1374239063,2026-09-15
2026,house,NY,23,-10.0,1374239063,2026-09-15
2026,house,NY,24,-11.0,1374239063,2026-09-15
2026,house,NY,25,10.0,1374239063,2026-09-15
2026,house,NY,26,11.0,1374239063,2026-09-15
2026,house,OH,1,-1.0,1374239063,2026-09-15
2026,house,OH,2,-21.0,1374239063,2026-09-15
2026,house,OH,3,21.0,1374239063,2026-09-15
2026,house,OH,4,-21.0,1374239063,2026-09-15
2026,house,OH,5,-12.0,1374239063,2026-09-15
2026,house,OH,6,-17.0,1374239063,2026-09-15
2026,house,OH,7,-5.0,1374239063,2026-09-15
2026,house,OH,8,-8.0,1374239063,2026-09-15
2026,house,OH,9,-5.0,1374239063,2026-09-15
2026,house,OH,10,-4.0,1374239063,2026-09-15
2026,house,OH,11,28.0,1374239063,2026-09-15
2026,house,OH,12,-15.0,1374239063,2026-09-15
2026,house,OH,13,2.0,1374239063,2026-09-15
2026,house,OH,14,-10.0,1374239063,2026-09-15
2026,house,OH,15,-5.0,1374239063,2026-09-15
2026,house,OK,1,-11.0,1374239063,2026-09-15
2026,house,OK,2,-28.0,1374239063,2026-09-15
2026,house,OK,3,-23.0,1374239063,2026-09-15
2026,house,OK,4,-17.0,1374239063,2026-09-15
2026,house,OK,5,-9.0,1374239063,2026-09-15
2026,house,OR,1,20.0,1374239063,2026-09-15
2026,house,OR,2,-14.0,1374239063,2026-09-15
2026,house,OR,3,24.0,1374239063,2026-09-15
2026,house,OR,4,6.0,1374239063,2026-09-15
2026,house,OR,5,4.0,1374239063,2026-09-15
2026,house,OR,6,6.0,1374239063,2026-09-15
2026,house,PA,1,1.0,1374239063,2026-09-15
2026,house,PA,2,19.0,1374239063,2026-09-15
2026,house,PA,3,40.0,1374239063,2026-09-15
2026,house,PA,4,8.0,1374239063,2026-09-15
2026,house,PA,5,15.0,1374239063,2026-09-15
2026,house,PA,6,6.0,1374239063,2026-09-15
2026,house,PA,7,-1.0,1374239063,2026-09-15
2026,house,PA,8,-4.0,1374239063,2026-09-15
2026,house,PA,9,-19.0,1374239063,2026-09-15
2026,house,PA,10,-3.0,1374239063,2026-09-15
2026,house,PA,11,-11.0,1374239063,2026-09-15
2026,house,PA,12,10.0,1374239063,2026-09-15
2026,house,PA,13,-23.0,1374239063,2026-09-15
2026,house,PA,14,-17.0,1374239063,2026-09-15
2026,house,PA,15,-19.0,1374239063,2026-09-15
2026,house,PA,16,-11.0,1374239063,2026-09-15
2026,house,PA,17,3.0,1374239063,2026-09-15
2026,house,RI,1,12.0,1374239063,2026-09-15
2026,house,RI,2,4.0,1374239063,2026-09-15
2026,house,SC,1,-6.0,1374239063,2026-09-15
2026,house,SC,2,-7.0,1374239063,2026-09-15
2026,house,SC,3,-21.0,1374239063,2026-09-15
2026,house,SC,4,-11.0,1374239063,2026-09-15
2026,house,SC,5,-11.0,1374239063,2026-09-15
2026,house,SC,6,13.0,1374239063,2026-09-15
2026,house,SC,7,-12.0,1374239063,2026-09-15
2026,house,SD,1,-15.0,1374239063,2026-09-15
2026,house,TN,1,-29.0,1374239063,2026-09-15
2026,house,TN,2,-17.0,1374239063,2026-09-15
2026,house,TN,3,-18.0,1374239063,2026-09-15
2026,house,TN,4,-11.0,1374239063,2026-09-15
2026,house,TN,5,-10.0,1374239063,2026-09-15
2026,house,TN,6,-13.0,1374239063,2026-09-15
2026,house,TN,7,-11.0,1374239063,2026-09-15
2026,house,TN,8,-10.0,1374239063,2026-09-15
2026,house,TN,9,-9.0,1374239063,2026-09-15
2026,house,TX,1,-24.0,1374239063,2026-09-15
2026,house,TX,2,-11.0,1374239063,2026-09-15
2026,house,TX,3,-11.0,1374239063,2026-09-15
2026,house,TX,4,-12.0,1374239063,2026-09-15
2026,house,TX,5,-10.0,1374239063,2026-09-15
2026,house,TX,6,-11.0,1374239063,2026-09-15
2026,house,TX,7,13.0,1374239063,2026-09-15
2026,house,TX,8,-13.0,1374239063,2026-09-15
2026,house,TX,9,-9.0,1374239063,2026-09-15
2026,house,TX,10,-10.0,1374239063,2026-09-15
2026,house,TX,11,-17.0,1374239063,2026-09-15
2026,house,TX,12,-11.0,1374239063,2026-09-15
2026,house,TX,13,-23.0,1374239063,2026-09-15
2026,house,TX,14,-12.0,1374239063,2026-09-15
2026,house,TX,15,-7.0,1374239063,2026-09-15
2026,house,TX,16,11.0,1374239063,2026-09-15
2026,house,TX,17,-10.0,1374239063,2026-09-15
2026,house,TX,18,29.0,1374239063,2026-09-15
2026,house,TX,19,-25.0,1374239063,2026-09-15
2026,house,TX,20,16.0,1374239063,2026-09-15
2026,house,TX,21,-10.0,1374239063,2026-09-15
2026,house,TX,22,-11.0,1374239063,2026-09-15
2026,house,TX,23,-7.0,1374239063,2026-09-15
2026,house,TX,24,-8.0,1374239063,2026-09-15
2026,house,TX,25,-11.0,1374239063,2026-09-15
2026,house,TX,26,-11.0,1374239063,2026-09-15
2026,house,TX,27,-10.0,1374239063,2026-09-15
2026,house,TX,28,-3.0,1374239063,2026-09-15
2026,house,TX,29,17.0,1374239063,2026-09-15
2026,house,TX,30,25.0,1374239063,2026-09-15
2026,house,TX,31,-11.0,1374239063,2026-09-15
2026,house,TX,32,-8.0,1374239063,2026-09-15
2026,house,TX,33,18.0,1374239063,2026-09-15
2026,house,TX,34,-3.0,1374239063,2026-09-15
2026,house,TX,35,-4.0,1374239063,2026-09-15
2026,house,TX,36,-12.0,1374239063,2026-09-15
2026,house,TX,37,30.0,1374239063,2026-09-15
2026,house,TX,38,-10.0,1374239063,2026-09-15
2026,house,UT,1,12.0,1374239063,2026-09-15
2026,house,UT,2,-15.0,1374239063,2026-09-15
2026,house,UT,3,-21.0,1374239063,2026-09-15
2026,house,UT,4,-17.0,1374239063,2026-09-15
2026,house,VA,1,-3.0,1374239063,2026-09-15
2026,house,VA,2,0.0,1374239063,2026-09-15
2026,house,VA,3,18.0,1374239063,2026-09-15
2026,house,VA,4,17.0,1374239063,2026-09-15
2026,house,VA,5,-6.0,1374239063,2026-09-15
2026,house,VA,6,-12.0,1374239063,2026-09-15
2026,house,VA,7,2.0,1374239063,2026-09-15
2026,house,VA,8,26.0,1374239063,2026-09-15
2026,house,VA,9,-22.0,1374239063,2026-09-15
2026,house,VA,10,6.0,1374239063,2026-09-15
2026,house,VA,11,18.0,1374239063,2026-09-15
2026,house,VT,1,17.0,1374239063,2026-09-15
2026,house,WA,1,15.0,1374239063,2026-09-15
2026,house,WA,2,12.0,1374239063,2026-09-15
2026,house,WA,3,-2.0,1374239063,2026-09-15
2026,house,WA,4,-10.0,1374239063,2026-09-15
2026,house,WA,5,-5.0,1374239063,2026-09-15
2026,house,WA,6,10.0,1374239063,2026-09-15
2026,house,WA,7,39.0,1374239063,2026-09-15
2026,house,WA,8,3.0,1374239063,2026-09-15
2026,house,WA,9,22.0,1374239063,2026-09-15
2026,house,WA,10,9.0,1374239063,2026-09-15
2026,house,WI,1,-2.0,1374239063,2026-09-15
2026,house,WI,2,21.0,1374239063,2026-09-15
2026,house,WI,3,-3.0,1374239063,2026-09-15
2026,house,WI,4,26.0,1374239063,2026-09-15
2026,house,WI,5,-11.0,1374239063,2026-09-15
2026,house,WI,6,-8.0,1374239063,2026-09-15
2026,house,WI,7,-11.0,1374239063,2026-09-15
2026,house,WI,8,-8.0,1374239063,2026-09-15
2026,house,WV,1,-22.0,1374239063,2026-09-15
2026,house,WV,2,-20.0,1374239063,2026-09-15
2026,house,WY,1,-23.0,1374239063,2026-09-15
2026,state,AK,,-6.0,1374239063,2026-09-15
2026,state,AL,,-15.0,1374239063,2026-09-15
2026,state,AR,,-15.0,1374239063,2026-09-15
2026,state,AZ,,-2.0,1374239063,2026-09-15
2026,state,CA,,12.0,1374239063,2026-09-15
2026,state,CO,,6.0,1374239063,2026-09-15
2026,state,CT,,8.0,1374239063,2026-09-15
2026,state,DE,,8.0,1374239063,2026-09-15
2026,state,FL,,-5.0,1374239063,2026-09-15
2026,state,GA,,-1.0,1374239063,2026-09-15
2026,state,HI,,13.0,1374239063,2026-09-15
2026,state,IA,,-6.0,1374239063,2026-09-15
2026,state,ID,,-18.0,1374239063,2026-09-15
2026,state,IL,,6.0,1374239063,2026-09-15
2026,state,IN,,-9.0,1374239063,2026-09-15
2026,state,KS,,-8.0,1374239063,2026-09-15
2026,state,KY,,-15.0,1374239063,2026-09-15
2026,state,LA,,-11.0,1374239063,2026-09-15
2026,state,MA,,14.0,1374239063,2026-09-15
2026,state,MD,,15.0,1374239063,2026-09-15
2026,state,ME,,4.0,1374239063,2026-09-15
2026,state,MI,,0.0,1374239063,2026-09-15
2026,state,MN,,3.0,1374239063,2026-09-15
2026,state,MO,,-9.0,1374239063,2026-09-15
2026,state,MS,,-11.0,1374239063,2026-09-15
2026,state,MT,,-10.0,1374239063,2026-09-15
2026,state,NC,,-1.0,1374239063,2026-09-15
2026,state,ND,,-18.0,1374239063,2026-09-15
2026,state,NE,,-10.0,1374239063,2026-09-15
2026,state,NH,,2.0,1374239063,2026-09-15
2026,state,NJ,,4.0,1374239063,2026-09-15
2026,state,NM,,4.0,1374239063,2026-09-15
2026,state,NV,,-1.0,1374239063,2026-09-15
2026,state,NY,,8.0,1374239063,2026-09-15
2026,state,OH,,-5.0,1374239063,2026-09-15
2026,state,OK,,-17.0,1374239063,2026-09-15
2026,state,OR,,8.0,1374239063,2026-09-15
2026,state,PA,,-1.0,1374239063,2026-09-15
2026,state,RI,,8.0,1374239063,2026-09-15
2026,state,SC,,-8.0,1374239063,2026-09-15
2026,state,SD,,-15.0,1374239063,2026-09-15
2026,state,TN,,-14.0,1374239063,2026-09-15
2026,state,TX,,-6.0,1374239063,2026-09-15
2026,state,UT,,-11.0,1374239063,2026-09-15
2026,state,VA,,3.0,1374239063,2026-09-15
2026,state,VT,,17.0,1374239063,2026-09-15
2026,state,WA,,10.0,1374239063,2026-09-15
2026,state,WI,,0.0,1374239063,2026-09-15
2026,state,WV,,-21.0,1374239063,2026-09-15
2026,state,WY,,-23.0,1374239063,2026-09-15
